"","id","name","host_id","host_name","neighbourhood_group","neighbourhood","latitude","longitude","room_type","minimum_nights","number_of_reviews","last_review","reviews_per_month","calculated_host_listings_count","availability_365","my_price_predictions"
"1",21927943,"Ben's Sanctuary",8527085,"Ben","Central Region","Downtown Core",1.30116,103.8579,"Entire home/apt",2,35,"2019-08-10",1.74,38,37,200.934024365245
"2",28967232,"Lem's crib",190297680,"Lemuel","North Region","Central Water Catchment",1.35279,103.81906,"Private room",1,1,"2018-10-09",0.09,1,90,96.0600596912574
"3",24171768,"布业中心 主人房",170378301,"Mei","Central Region","Rochor",1.30427,103.86059,"Private room",7,2,"2018-06-22",0.12,9,0,75.7960562337604
"4",24804247,"1br Central Orchard Next to MRT",8527085,"Ben","Central Region","Newton",1.30203,103.83936,"Entire home/apt",2,35,"2019-08-12",2.22,38,291,244.385419729691
"5",23653768,"*** Cozy Room @ City Center",47866620,"Nanda","Central Region","Kallang",1.31402,103.85361,"Private room",1,8,"2019-04-02",0.49,13,350,135.529517851053
"6",35786305,"[301] 3BR New free parking Central Kallang MRT",268956734,"J","Central Region","Geylang",1.31217,103.87793,"Entire home/apt",2,12,"2019-08-23",5.37,13,237,383.750331903244
"7",7683990,"Luxurious & central 1 br flat",40355471,"Didier","Central Region","Kallang",1.29922,103.86215,"Entire home/apt",2,14,"2017-05-30",0.29,1,0,213.791084266821
"8",29549073,"Private Room 1 - Central Area",43043281,"Tina","Central Region","Kallang",1.31315,103.85907,"Private room",3,20,"2019-08-08",2.7,3,306,101.996633540838
"9",17769862,"*Cozy Room @ City Center",47866620,"Nanda","Central Region","Kallang",1.31254,103.85318,"Private room",2,89,"2019-08-11",3.02,13,142,86.6545233390072
"10",29191948,"3 Bedroom @ Boon Keng MRT",29420853,"Aaron","Central Region","Kallang",1.32137,103.86486,"Entire home/apt",25,3,"2019-07-21",0.35,141,262,238.376830576089
"11",34586100,"Amazing Spacious 3 Bedroom Apt Unit @ Geylang G6B",260100811,"静","Central Region","Geylang",1.31146,103.87633,"Entire home/apt",2,1,"2019-07-19",0.73,24,305,232.70830234546
"12",32370549,"Cozy & Stylish Room, in a House Full of Character",242632689,"KeSa","Central Region","Outram",1.28179,103.84217,"Private room",5,2,"2019-05-08",0.48,4,355,148.933654676324
"13",33460906,"Cozy Flat @ Jurong West",252091822,"Liu","West Region","Jurong West",1.33664,103.69558,"Private room",3,2,"2019-07-02",0.67,1,364,83.9863893790082
"14",28089131,"♥♥2BR Cozy Food Heaven Direct Bus to CBD (ci)",31464513,"Darcy","Central Region","Geylang",1.31144,103.87815,"Entire home/apt",3,1,"2019-05-02",0.25,114,326,222.471887448472
"15",32780997,"For 17-20 paxes, 5 bedroom apartment , BBQ, MRT",211434562,"Paryani","Central Region","Rochor",1.30599,103.84845,"Entire home/apt",1,1,"2019-05-19",0.29,64,362,351.904311524386
"16",10818230,"Private room, Rooftop, City-center",50515503,"Tobias","Central Region","Kallang",1.31642,103.85734,"Private room",5,1,"2016-02-13",0.02,1,0,53.5611063096052
"17",12878592,"For Singles, Couples or Small Groups in Bungalow",59882845,"Chua","East Region","Bedok",1.30915,103.91144,"Private room",1,64,"2019-08-12",1.98,2,316,87.1439829435984
"18",29166457,"2 Bedroom Amazing House @ Central TM",29420853,"Aaron","Central Region","Novena",1.32134,103.85346,"Entire home/apt",20,1,"2019-04-03",0.2,141,261,211.373756796398
"19",5584157,"Best Value In Town! All Student+Guest loves it!",28954164,"Michelle","North Region","Woodlands",1.44299,103.79424,"Private room",180,107,"2019-08-05",2.02,3,11,55.3326004329004
"20",20291676,"5-Star Sanctuary Resort (Twin Room) in Singapore",34146041,"Ferdi","Central Region","Bukit Merah",1.28225,103.80322,"Private room",1,1,"2017-09-23",0.04,2,0,93.7343873853834
"21",3340547,"Home Away From Home (Thomson)",59498,"Jean","North-East Region","Ang Mo Kio",1.37398,103.83069,"Private room",2,43,"2019-06-13",0.7,3,355,102.978822547972
"22",37029562,"New Condo with full furniture, hygienic Cozy Room1",37379638,"Jackie & Debbie","North Region","Yishun",1.43349,103.84476,"Private room",1,8,"2019-08-23",8,2,267,63.5802737373011
"23",9760045,"2-Bedroom Apartment - Queenstown (C)",43056052,"Uncharted Homes","Central Region","Queenstown",1.2924,103.80661,"Entire home/apt",5,9,"2017-04-27",0.21,13,0,171.220396624685
"24",24883645,"Single room, perfect central location in Chinatown",14021375,"Marc","Central Region","Outram",1.28108,103.8426,"Private room",1,2,"2018-09-09",0.17,2,0,119.198176769728
"25",10107535,"Simple n Cosy Bed @InnercityCondo",40912626,"Royce","Central Region","Kallang",1.32656,103.86275,"Private room",2,53,"2017-12-07",1.19,2,0,67.3325744535868
"26",31132213,"BEAUTIFUL LOFT 2 BR IN JURONG EAST",156409670,"Rajan","West Region","Jurong East",1.33662,103.74138,"Entire home/apt",28,2,"2019-06-03",0.25,78,364,224.696749722884
"27",11760026,"Large Room with a Tropical view Queensway (Room 2)",34649530,"Prim","Central Region","Queenstown",1.28741,103.80272,"Private room",90,1,"2018-03-06",0.06,3,0,62.5328466349994
"28",12598972,"(1)Suite@payalebar/aircon/wifi/ Serangoon MRT",25422139,"Jenny","North-East Region","Hougang",1.35065,103.88084,"Private room",14,2,"2016-11-30",0.05,2,365,46.3434516724936
"29",20841135,"14 Bed Mixed Dorm(5) (with windows)",63448912,"River City Inn","Central Region","Singapore River",1.28817,103.84768,"Shared room",1,1,"2018-11-21",0.11,43,359,30.1174212858055
"30",34449189,"☀ BEAUTIFUL & SPACIOUS 4BR w/ QUEEN BEDS FOR STAY☀",219550151,"Rain","Central Region","Geylang",1.31342,103.88682,"Entire home/apt",3,2,"2019-06-22",0.76,113,0,206.900743642191
"31",24295678,"Superior Room near Mustafa Center",108773366,"RedDoorz","Central Region","Kallang",1.31425,103.85877,"Private room",1,8,"2019-03-13",0.5,109,365,142.148275986261
"32",5448209,"CBD Studio: spacious, serviced, MRT",13468566,"Andy","Central Region","Bukit Merah",1.27493,103.84029,"Entire home/apt",6,5,"2019-07-28",0.11,4,364,237.529633329188
"33",20509769,"Huge-3BR Apt in Chinatown Only 1 min walk to MRT",81428257,"Michael","Central Region","Outram",1.28626,103.8429,"Entire home/apt",2,81,"2019-08-13",3.3,8,285,298.450988925597
"34",21480910,"Common room with queen bed",155757922,"Katherine","North-East Region","Sengkang",1.39128,103.90312,"Private room",3,2,"2018-11-01",0.11,1,0,50.2967104857375
"35",804470,"Spacious Luxury Condo in Orchard",741873,"Dara","Central Region","Tanglin",1.30292,103.82253,"Entire home/apt",1,1,"2014-02-22",0.01,1,0,237.442815717432
"36",16618127,"A2 Big Condo Room Near City 600m to Aljunied MRT",96467516,"Linda","Central Region","Geylang",1.31602,103.88636,"Private room",2,137,"2019-08-10",4.26,26,187,74.1609644827111
"37",36489056,"☀ MODERN & COSY 1BR w/ QUEEN BED FOR STAY☀",219550151,"Rain","Central Region","Novena",1.32823,103.84727,"Entire home/apt",5,1,"2019-07-17",0.7,113,365,212.088984364118
"38",30075322,"A- Sunny & Modern Apt , Four mins to Orchard Rd",225311799,"Ada","Central Region","Tanglin",1.29425,103.83025,"Entire home/apt",2,18,"2019-07-30",2,30,328,152.027469543117
"39",30898777,"New Studio w 2 Queen beds @Central/ Orchard Area..",46685310,"L","Central Region","River Valley",1.29733,103.83802,"Entire home/apt",2,10,"2019-08-12",1.33,28,312,148.196661857893
"40",13274598,"DORMS - Excellent location in Chinatown",17526618,"Royal","Central Region","Outram",1.28453,103.84359,"Shared room",1,8,"2019-08-05",0.2,13,364,44.4086058671873
"41",36209536,"公寓民宿",272336903,"Chunyu","North Region","Yishun",1.42845,103.83774,"Entire home/apt",1,1,"2019-07-28",0.94,1,300,204.810920970088
"42",9698728,"Luxury stay in the city",26900117,"Pinggi","Central Region","Kallang",1.31693,103.85016,"Entire home/apt",7,4,"2019-07-27",0.09,3,361,202.477838462251
"43",33055288,"Affordable Studio in Shophouse along Havelock Road",230280001,"Stacy","Central Region","Bukit Merah",1.28844,103.82918,"Entire home/apt",5,3,"2019-08-07",0.75,18,59,137.723636706091
"44",32965614,"♥♥♥ Town house @ Novena 3BR (btk)",31464513,"Darcy","Central Region","Novena",1.32629,103.85036,"Entire home/apt",28,1,"2019-03-18",0.18,114,264,227.04342451627
"45",17098078,"Jinshan Hotel (Entrance from Temple Street)",70517846,"Jinshan Hotel","Central Region","Outram",1.28296,103.84482,"Private room",1,2,"2017-11-06",0.08,1,365,866.560189189188
"46",24659042,"Cosy Studio Apartment 2 at Heritage Tiong Bahru",186368904,"Diane","Central Region","Bukit Merah",1.28279,103.83395,"Entire home/apt",2,93,"2019-08-03",5.89,1,131,218.105379937505
"47",13819163,"BedRoom with private bath just 4 mins from MRT",15032041,"Adrien","Central Region","Geylang",1.31474,103.89004,"Private room",90,9,"2017-10-07",0.24,1,0,67.5185409883542
"48",16799416,"Comfy Single room",12374682,"Ram","West Region","Jurong West",1.33936,103.69085,"Private room",3,3,"2017-08-24",0.12,1,0,59.9627385297057
"49",14524386,"King double cozy room",29295816,"Jojo","North-East Region","Serangoon",1.36783,103.87549,"Private room",2,1,"2019-08-11",1,5,363,110.596811525821
"50",32534020,"Pleasant & Comfy 1BR APT 3 mins from Potong Pasir",66406177,"Jay","Central Region","Toa Payoh",1.33102,103.86718,"Entire home/apt",29,2,"2019-07-07",0.5,274,193,169.726310326245
"51",19337115,"Ultimate River Valley resort escape",7999463,"Mila","Central Region","River Valley",1.29419,103.83938,"Private room",2,59,"2019-08-12",2.45,1,34,79.6269652123019
"52",29573608,"Suite for 2, private bathroom, can cook, near MRT!",211434562,"Paryani","Central Region","Rochor",1.30428,103.84976,"Entire home/apt",1,2,"2019-08-10",0.47,64,365,248.733415356581
"53",33111278,"[B] 2BR Free Parking & Wifi, CBD Fringe",248196938,"Mr. J","Central Region","Kallang",1.32215,103.86607,"Entire home/apt",2,18,"2019-08-04",3.31,14,244,290.225938111553
"54",15346634,"Clean Cosy Convenient (Airport/Expo/SUTD/Biz Park)",91428330,"Kathleen","East Region","Tampines",1.35351,103.95462,"Private room",1,76,"2019-08-24",2.22,1,92,109.595379560217
"55",18012960,"Cosy, City Center, Swimming pool and within budget",71900722,"Prissy","North-East Region","Serangoon",1.34578,103.88019,"Private room",2,1,"2017-09-13",0.04,1,0,72.2515967435089
"56",34486779,"S -  UNIQUE! Lovely, Sunlit Loft @ Town!",239242652,"Shasha","Central Region","Singapore River",1.29323,103.83132,"Entire home/apt",1,9,"2019-07-29",2.73,25,262,145.72516248462
"57",20836628,"6 Bed Mixed Dorm(5)",63448912,"River City Inn","Central Region","Singapore River",1.2877,103.8462,"Shared room",1,1,"2017-12-24",0.05,43,352,31.3330904021072
"58",21557075,"Lush Tropical Room, Cultural Quarter 5 mins to MRT",20828188,"Jon, Ams & Friends","Central Region","Rochor",1.30818,103.85541,"Private room",2,30,"2019-08-05",1.42,13,148,100.940083493373
"59",26935086,"Autumn Lily with Complementary Airport Pickup",183618288,"Jimmy","Central Region","Tanglin",1.31662,103.828,"Entire home/apt",30,9,"2019-03-31",0.79,30,77,153.553085987408
"60",4271250,"City Ctr_RiverValley/GreatWorldCity",22176293,"YongXing9688","Central Region","Tanglin",1.29377,103.82844,"Entire home/apt",30,170,"2018-08-24",3.05,1,0,192.520195671174
"61",22973504,"C (1 of 6 beds) Students' hostel 3 mins from NUS",153080781,"WeiIn","Central Region","Queenstown",1.29207,103.76904,"Shared room",1,18,"2019-08-17",1.14,8,156,33.9104206620193
"62",34454047,"CityView@Chinatown",49380207,"Ong","Central Region","Outram",1.28468,103.8416,"Private room",3,6,"2019-08-13",2.07,7,356,111.806626462831
"63",21541720,"2bedroom condo @purple line international school",32184450,"Apollo","Central Region","Kallang",1.32732,103.86398,"Entire home/apt",3,29,"2019-06-03",1.37,67,364,197.82024566616
"64",26201262,"11reason to stay - 1 bedroom condo in bugis",32184450,"Apollo","Central Region","Rochor",1.30212,103.84873,"Entire home/apt",12,2,"2019-01-13",0.24,67,353,210.172225437102
"65",28958329,"B1 Big Master Room with Private Bathroom Near City",96467516,"Linda","Central Region","Geylang",1.31425,103.88727,"Private room",2,47,"2019-08-21",4.42,26,147,80.0841228134787
"66",22233862,"Resort Style Stay in Beautiful Green Terrace House",9899270,"Peir","Central Region","Bukit Timah",1.34251,103.77415,"Private room",2,37,"2019-07-23",1.84,2,240,85.7601906972664
"67",7849158,"Room @ 197D Boon Lay Drive near NTU",41360622,"Piriya","West Region","Jurong West",1.34509,103.71449,"Private room",60,4,"2019-06-05",0.1,2,339,52.1697857563695
"68",4399550,"Brand New 2 bedroom 270 Degree Seaview Marina Bay",7614592,"Bryan","Central Region","Downtown Core",1.27522,103.84696,"Entire home/apt",2,148,"2019-08-16",2.59,14,287,296.045059301302
"69",29116469,"!!!2BR Spacious ART Katong near shopping mall ON6",8492007,"Alvin","Central Region","Geylang",1.31542,103.89759,"Entire home/apt",2,3,"2019-05-26",0.74,203,52,147.778167696119
"70",31839553,"Casa Ser203",16305681,"Ace Beautiful Homes","Central Region","Marine Parade",1.3072,103.89862,"Entire home/apt",3,4,"2019-07-12",0.75,17,35,150.673710150065
"71",10044375,"2-Bedroom Apartment - Queenstown (A)",43056052,"Uncharted Homes","Central Region","Queenstown",1.29171,103.80779,"Entire home/apt",2,17,"2017-10-06",0.38,13,0,197.973274162244
"72",29858416,"Executive Queen - 2mins away from Chinatown MRT",75539321,"Kelvin","Central Region","Outram",1.28469,103.84332,"Private room",1,7,"2019-08-09",0.75,5,308,138.52351718435
"73",24571017,"Spacious Room 5 (1+) near MRT in the East",184792657,"Alee","Central Region","Geylang",1.31435,103.90033,"Private room",2,64,"2019-08-09",3.93,6,86,76.2687606316291
"74",35991648,"Your Loft in the heart of Singapore",236303515,"Catherine","Central Region","Kallang",1.31694,103.85495,"Private room",3,6,"2019-08-19",2.95,4,76,84.9463679991219
"75",9584573,"Single Room w Attached Bathroom Near Train Station",4189855,"Anthony","North-East Region","Punggol",1.40529,103.90132,"Private room",90,2,"2019-03-12",0.23,1,354,47.2740797626332
"76",32430905,"Room for Rental or Sharing",159853216,"Sunny","West Region","Choa Chu Kang",1.37985,103.75013,"Shared room",1,11,"2019-08-06",1.99,1,172,65.432504930095
"77",17053896,"Masterroom with bath @ Central Imperial",25375339,"ｼﾝ","Central Region","Geylang",1.31177,103.87982,"Private room",1,5,"2019-08-01",0.37,9,354,134.299627068105
"78",3651408,"DORMS... in the heart of Chinatown!",17526618,"Royal","Central Region","Outram",1.28439,103.84308,"Shared room",1,177,"2019-08-11",2.86,13,46,43.087305215202
"79",20039387,"Delightful Studio Apartment in Orchard",135298846,"Kay","Central Region","Museum",1.29889,103.8429,"Entire home/apt",6,13,"2019-08-17",0.53,22,355,295.821824029947
"80",29860691,"Fully furnish CBD 2br w balcony and city view",66406177,"Jay","Central Region","Downtown Core",1.27337,103.84728,"Entire home/apt",30,1,"2019-08-19",1,274,264,165.703860899219
"81",29785264,"Common room 2 mins walking to train station",41533046,"Kok Yung","Central Region","Toa Payoh",1.33202,103.84497,"Private room",2,11,"2019-02-28",1.18,3,0,71.3144497694238
"82",27561736,"Modern, Loft Living in Art Deco Shophouse - CBD",203637940,"Your Community Host","Central Region","Singapore River",1.28714,103.84628,"Entire home/apt",6,15,"2019-08-07",1.3,4,282,250.107596295458
"83",33112080,"[B] 4BR Free Parking & Wifi, CBD Fringe",248196938,"Mr. J","Central Region","Kallang",1.32257,103.86478,"Entire home/apt",2,18,"2019-08-10",3.46,14,181,314.068152791377
"84",21416331,"Luxury Capsule (Single-Female Only) [Kampong Glam]",151316863,"Cheryl","Central Region","Rochor",1.30076,103.8603,"Shared room",1,39,"2019-08-25",1.91,7,365,60.5570699443432
"85",33502141,"☀ HUGE & MODERN 3BR w/ QUEEN BED FOR STAY ☀",219550151,"Rain","Central Region","Geylang",1.30972,103.87752,"Entire home/apt",3,4,"2019-07-04",0.96,113,356,337.469681526416
"86",31216096,"Common room in the East",32647857,"Adrian","East Region","Bedok",1.32132,103.95163,"Private room",90,1,"2019-02-02",0.14,2,251,71.0026031674656
"87",30083183,"Super Quiet Condo
3mins to subway, 24hr check-in",207764427,"Tsubasa","Central Region","Geylang",1.31399,103.88343,"Entire home/apt",1,62,"2019-08-17",6.91,1,69,143.758035430168
"88",18144507,"MRT Cosy Condo Private Room w Bathroom attached",120827688,"Claire","North-East Region","Punggol",1.40427,103.90333,"Private room",90,68,"2018-12-30",2.36,1,34,58.967617977933
"89",11723491,"Luxury 2 bdrm Loft style: Singapore",36141263,"Tammy&Sean","Central Region","Geylang",1.32792,103.9049,"Entire home/apt",90,9,"2019-07-01",0.22,4,269,187.144021681337
"90",8705956,"Lux Studio@Marina Bay Singapore",45661681,"Betty","Central Region","Downtown Core",1.28027,103.85072,"Entire home/apt",4,9,"2019-08-18",0.2,8,360,287.08093027953
"91",27125463,"lavLoftbed Rm*M, no-sharing, wifi, mrt",2413412,"Kaurus","Central Region","Kallang",1.30957,103.86082,"Private room",18,1,"2018-09-18",0.09,112,362,42.460143005884
"92",29134069,"Riverview One bedroom suites at clark quay",31773419,"Teo","Central Region","River Valley",1.29231,103.84014,"Entire home/apt",1,7,"2019-07-24",0.67,5,72,243.268539166416
"93",21984842,"Affordable Condo Common Room near MRT",50768683,"Lyka","West Region","Jurong West",1.34597,103.7225,"Private room",2,2,"2018-01-20",0.1,1,0,61.6711034164131
"94",16435779,"Room with River View",25205011,"May","Central Region","Kallang",1.31286,103.86852,"Private room",2,42,"2019-08-19",1.57,1,171,83.8060698895333
"95",31357872,"Spacious room in Vivsters cozy home",48018398,"Vivian","North Region","Woodlands",1.42843,103.77711,"Private room",1,1,"2019-01-30",0.14,1,88,94.8556728680152
"96",29424787,"studio unit for rent-katong area",32184450,"Apollo","Central Region","Geylang",1.31593,103.89685,"Entire home/apt",1,4,"2019-08-06",0.94,67,365,182.537082753585
"97",12213801,"Chinatown your8 doorstep: Private Room 8A",2413412,"Kaurus","Central Region","Outram",1.2839,103.84206,"Private room",90,1,"2016-06-30",0.03,112,365,92.6286700721779
"98",30026353,"Superhost Loft APT in the heart of Tg Pagar",66406177,"Jay","Central Region","Downtown Core",1.27549,103.84515,"Entire home/apt",30,1,"2019-01-31",0.14,274,321,175.72476644334
"99",27406451,"(F) Cozy Room Near City, 6mins Walk->Aljunid MRT",161561473,"Nanda","Central Region","Geylang",1.3129,103.8821,"Private room",2,28,"2019-07-28",2.42,9,346,80.2319241183044
"100",1229614,"1 bdrm Aptmt Orchard/Stevens/UNESCO Area #1",6609641,"Catherine","Central Region","Tanglin",1.31503,103.82614,"Entire home/apt",7,29,"2019-05-01",0.42,19,0,165.350025676227
"101",15768398,"Simplicity in nice surroundings",23761463,"Ziad","East Region","Bedok",1.32041,103.95513,"Private room",90,9,"2018-01-01",0.29,1,89,124.207428530155
"102",32891648,"Cosy 2BR 3BA Condo Near Farrer Park MRT 1分钟到地铁站",232352285,"Sunny","Central Region","Kallang",1.31531,103.85501,"Entire home/apt",2,6,"2019-06-11",1.32,8,208,244.680787465847
"103",30369336,"Gorgeous Heritage Straits Suite in 1920s Shophouse",17032962,"Shu","Central Region","Kallang",1.31199,103.85751,"Entire home/apt",2,23,"2019-08-11",2.72,16,49,182.00755857781
"104",35635103,"Comfy Modern Studio Apt @ Orchard/ Central Area",10248444,"Rc","Central Region","River Valley",1.29604,103.84042,"Entire home/apt",2,4,"2019-08-06",2.4,48,337,145.365227728175
"105",32177917,"Bedok Residences Condominium common room",172933752,"颖","East Region","Bedok",1.32384,103.92846,"Private room",1,2,"2019-03-20",0.32,1,77,69.932420090777
"106",12600629,"★Cityfringe Loft Family Room 2 Queen beds★",20874965,"Marilyn","Central Region","Marine Parade",1.30761,103.89638,"Private room",1,115,"2019-01-21",2.92,8,32,93.782904289599
"107",31390991,"Superior Central Apartment For Five",14326542,"Your Home Away From Home","Central Region","Museum",1.30002,103.84668,"Entire home/apt",1,44,"2019-08-22",6,4,311,279.000530899263
"108",22143968,"Cozy Room Near City, 6mins Walk To Aljunid MRT (2)",161561473,"Nanda","Central Region","Geylang",1.31334,103.88406,"Private room",2,56,"2019-08-11",2.71,9,159,70.2500419417702
"109",24000938,"Room in Boutique hotel near East Coast Park",108773366,"RedDoorz","East Region","Bedok",1.30801,103.91084,"Private room",1,10,"2019-06-04",0.69,109,358,119.771131348517
"110",35071210,"Best view in Singapore - 1BR, private elevator",5351046,"Paul","Central Region","Downtown Core",1.28006,103.85625,"Private room",3,8,"2019-07-29",2.64,1,151,168.267458004909
"111",20686146,"Spacious Condo Room just in front of Mrt and Lake",146100311,"Cindy","West Region","Jurong East",1.34385,103.73327,"Private room",3,2,"2019-01-02",0.16,10,362,62.8285553851703
"112",31627673,"Cozy room close to CBD, 2 mins to cafes and grocer",6599434,"Tara","Central Region","Tanglin",1.29332,103.82409,"Private room",2,2,"2019-08-12",2,1,6,74.1194794519514
"113",34049490,"Room for one near town, airport, beach.",257110791,"Cj","Central Region","Marine Parade",1.3067,103.91822,"Private room",1,25,"2019-08-19",6,3,70,137.594929796632
"114",8583021,"A bright south room,near to beach",29977398,"David","East Region","Pasir Ris",1.37957,103.96301,"Private room",180,2,"2015-12-01",0.04,3,365,62.248086099211
"115",33704246,"Luxury 3BR condo near Bugis Next to MRT*市中心高级度假公寓",39207304,"Sophie","Central Region","Kallang",1.30238,103.86289,"Entire home/apt",7,15,"2019-08-15",3.26,12,146,353.528572938028
"116",34071596,"Superior Double-2mins away from chinatown MRT",256587033,"Peter","Central Region","Outram",1.2831,103.84295,"Private room",1,2,"2019-07-15",0.5,6,348,186.064305802901
"117",35887689,"Studio Apartment with 100% Privacy (Jurong Kechil)",230280001,"Stacy","North Region","Central Water Catchment",1.35159,103.81887,"Entire home/apt",4,2,"2019-08-07",1.3,18,83,153.91957020202
"118",29163836,"2 Bedroom @ Bugis Central BS",29420853,"Aaron","Central Region","Rochor",1.30288,103.85179,"Entire home/apt",7,13,"2019-08-07",1.49,141,219,230.659604792934
"119",28813662,"City Fringe Cosy Comfy Private Room 套房民俗 203",7029973,"Teddy","Central Region","Novena",1.32219,103.85242,"Private room",2,36,"2019-08-21",3.25,5,57,77.9461022424929
"120",23548940,"Transient @ Nice Room w/own toilet near airport",37962226,"Mai","East Region","Bedok",1.32032,103.91128,"Private room",3,47,"2019-08-25",3.13,1,60,78.8003644306383
"121",25008022,"Cozy&lovely penthouse",185506120,"Andy","Central Region","Kallang",1.314,103.85426,"Entire home/apt",2,6,"2019-08-04",0.4,3,111,224.099633961871
"122",20762681,"pool condo",148662477,"Jue","Central Region","Geylang",1.31779,103.89244,"Private room",3,1,"2017-09-02",0.04,1,0,63.7266767779355
"123",27992861,"超赞ﾃﾞｻﾞｲﾅｰ【峇厘度假风】Balinese Sanctuary美しい綺麗の森林别墅3minMRT!",143455661,"Yang Lay","East Region","Bedok",1.32401,103.9139,"Private room",1,75,"2019-08-24",6.25,1,58,68.8471015433372
"124",9321841,"1Bed in 6 Beds Female Shared Room",10861133,"DropINN","Central Region","Kallang",1.31401,103.8588,"Shared room",1,26,"2019-07-20",0.56,11,365,48.5469167852448
"125",34662179,"4 Bedroom Apartment 3min Walk Dakota MRT 1",29420853,"Aaron","Central Region","Geylang",1.31105,103.88538,"Entire home/apt",3,1,"2019-07-24",0.83,141,311,215.667007824583
"126",9202827,"Duplex Penthouse Harbour View Condo",4052965,"Oscar","Central Region","Queenstown",1.28337,103.78359,"Entire home/apt",3,1,"2016-07-13",0.03,1,0,189.035408351451
"127",6718219,"Explore Serangoon!",34707865,"Stteven","North-East Region","Serangoon",1.34399,103.87076,"Private room",1,51,"2019-08-16",1.02,3,74,67.7835258234229
"128",25155990,"Signature Luxury 2 BDR Condo in CBD heart by MRT",144740166,"James","Central Region","Downtown Core",1.27777,103.85649,"Entire home/apt",2,13,"2018-11-06",0.84,5,0,233.135961142731
"129",7182042,"Elegant, newly furnished room Aljunied MRT",4432314,"Trisha","Central Region","Geylang",1.31575,103.88392,"Private room",2,42,"2018-01-02",1.07,2,0,60.4260714781814
"130",24200900,"Chic Gold Room in Heritage Spot 7 mins to MRT",20828188,"Jon, Ams & Friends","Central Region","Kallang",1.31523,103.85788,"Private room",2,35,"2019-08-10",2.15,13,163,78.9350504090029
"131",6716844,"4-person Bunk/Loft Bed Private Room",8773916,"Superb Hostel","Central Region","Rochor",1.30205,103.85804,"Private room",1,2,"2018-01-01",0.07,7,233,136.55204737891
"132",23999596,"Twin Room near Marine Parade Central",108773366,"RedDoorz","East Region","Bedok",1.30931,103.91175,"Private room",1,2,"2019-04-30",0.3,109,364,139.202345250132
"133",28918126,"Cozy room, closer to the Changi Airport/CBP/Expo",166404917,"Supun","East Region","Pasir Ris",1.37686,103.96007,"Private room",1,9,"2019-07-27",0.83,1,15,69.71345532124
"134",31721422,"Downtown, high floor, up to 8 guests, 1min to MRT.",236047848,"Luxin","Central Region","Downtown Core",1.27553,103.8459,"Entire home/apt",2,2,"2019-06-30",0.47,1,64,262.742477750174
"135",26961975,"Home Away from Home @ Singapore",202873737,"Preciosa","North Region","Woodlands",1.43283,103.79032,"Entire home/apt",3,8,"2019-01-01",0.71,1,180,248.272038509562
"136",22617283,"5min Lavender, Farrer, Bendemeer MRT 3-bdrm #360",124702769,"Marshall","Central Region","Kallang",1.31247,103.86052,"Entire home/apt",3,17,"2019-07-19",1.36,4,142,224.06614453701
"137",6962492,"Joo Chiat Heritage Area",34623849,"Ray","Central Region","Geylang",1.31333,103.90434,"Entire home/apt",90,19,"2017-11-28",0.54,2,0,140.344116020107
"138",24705997,"❀❀❀Spacious Three bed Room @ Town bugis area",8492007,"Alvin","Central Region","Rochor",1.29961,103.84975,"Entire home/apt",7,2,"2018-08-18",0.13,203,255,246.600272055326
"139",15135575,"One bedroom apartment in Robertson Quay",24351539,"Lucia","Central Region","Singapore River",1.29009,103.84011,"Entire home/apt",60,3,"2017-07-31",0.09,1,148,191.478693766303
"140",30044864,"2 rooms at same Condo unit Close to Mrt",146100311,"Cindy","West Region","Jurong West",1.34479,103.72104,"Private room",7,1,"2019-07-21",0.77,10,358,79.8131287106873
"141",33753429,"☀ CLEAN & SPACIOUS 3BR w/ QUEEN BEDS FOR STAY ☀",219550151,"Rain","Central Region","Rochor",1.30071,103.84776,"Entire home/apt",4,2,"2019-07-28",0.74,113,304,244.153469614415
"142",32970748,"2BR 3BA condo with cozy balcony",81596134,"Lucy","Central Region","Kallang",1.31567,103.85592,"Entire home/apt",2,5,"2019-08-05",1.25,16,315,268.228793733721
"143",16846533,"Small Cozy  Studio Room in Orchard Road (200 sqft)",111065775,"Abegail","Central Region","Orchard",1.29874,103.83863,"Entire home/apt",7,20,"2019-04-29",0.68,19,284,217.5290542645
"144",30072597,"A - Calm & Quiet City Apt 5 mins to MRT",225311799,"Ada","Central Region","Bukit Merah",1.28269,103.83086,"Entire home/apt",1,16,"2019-08-08",2.07,30,326,142.994765380152
"145",5493930,"Luxurious En Suite 1 Near Orchard",28489587,"Anita & David","Central Region","Novena",1.3195,103.84791,"Private room",1,238,"2019-08-22",4.39,3,329,87.4353281300203
"146",25428764,"Exclusive Apartment next to MRT station",41039458,"Zack","Central Region","Queenstown",1.29491,103.8069,"Entire home/apt",90,3,"2018-12-29",0.26,10,129,191.606412220215
"147",30829908,"Affordable Loft Studio in a Shophouse (Neil Road)",230280001,"Stacy","Central Region","Bukit Merah",1.27831,103.83617,"Private room",6,1,"2019-08-18",1,18,119,111.131316728639
"148",36628828,"City Home near shopping mall!",39528448,"Chun","Central Region","Kallang",1.31159,103.85651,"Entire home/apt",1,1,"2019-07-22",0.79,2,8,212.154469272063
"149",28198489,"3BR Condo in Singapore near MBS/MRT/CBD",149288488,"Francis","Central Region","Geylang",1.31303,103.88263,"Entire home/apt",3,2,"2018-10-23",0.17,2,0,134.562061476348
"150",31405419,"Live in the city(3BRs)近地铁市区三房公寓@MRT&Swimming Pool",80570036,"Chris","Central Region","Geylang",1.31658,103.89127,"Entire home/apt",1,20,"2019-07-31",3.09,22,0,167.340838032287
"151",16231715,"Joo’s Service Bungalow - Junior Room 6",72242589,"James","Central Region","Marine Parade",1.30936,103.89383,"Private room",30,111,"2019-07-08",3.42,7,180,70.7185766083376
"152",30007877,"5 star Downtown Studio Apartment with Full Kitchen",225565785,"Betty","Central Region","Downtown Core",1.28071,103.85129,"Entire home/apt",90,2,"2018-12-08",0.21,1,300,183.8886007798
"153",13986824,"Room – Chinatown - very central – walk to MRT",1882247,"Timo","Central Region","Outram",1.28515,103.84144,"Private room",29,2,"2016-11-29",0.06,1,0,88.3920536623865
"154",28264364,"Spacious & Bright Shophouse Apartment 3 min to MRT",90613922,"Jiayi","Central Region","Rochor",1.30239,103.84935,"Entire home/apt",4,14,"2019-08-07",1.2,10,256,293.298976384794
"155",16208216,"Apartment with a view",42473981,"Frieda","Central Region","Tanglin",1.31737,103.82765,"Entire home/apt",5,5,"2017-04-02",0.15,1,0,175.202587391444
"156",11801190,"New Bedroom Suite / WIFI @ Central Area",10248444,"Rc","Central Region","River Valley",1.29573,103.83769,"Private room",1,27,"2019-08-09",0.67,48,348,105.053540769315
"157",5376182,"S7 @ City Central",25116861,"Studios","Central Region","Rochor",1.30376,103.85471,"Entire home/apt",2,170,"2019-08-07",3.19,10,105,181.928605764724
"158",35773131,"Bed in dormitory at 3 mins walk from Lavender MRT",108773366,"RedDoorz","Central Region","Kallang",1.31036,103.86201,"Shared room",1,2,"2019-06-26",0.85,109,164,28.7744356553461
"159",19164694,"Luxury hostel with in-cabin locker - Single mixed",646629,"Adler","Central Region","Outram",1.28111,103.84427,"Shared room",1,11,"2019-05-18",0.57,15,360,41.234422809253
"160",8617116,"✪✪2BR Fully Furnished Cosy (zsm)",8492007,"Alvin","Central Region","Novena",1.32427,103.85103,"Entire home/apt",8,6,"2018-02-14",0.13,203,365,199.429408806277
"161",17855048,"Your Place at Owen Road",122181890,"Andy","Central Region","Kallang",1.31291,103.85171,"Entire home/apt",2,3,"2017-05-14",0.1,1,0,224.90466823573
"162",23265296,"Studio/ 1 Bedroom apartment 5 mins from Orchard Rd",2117120,"Jade","Central Region","River Valley",1.30002,103.83306,"Entire home/apt",2,6,"2018-09-21",0.33,1,0,221.83325880835
"163",16891958,"Apt Room 5mins to Haji, near MBS/Suntec/Sportshub",3234859,"Sk","Central Region","Kallang",1.3054,103.86092,"Private room",1,181,"2019-08-24",5.74,9,130,97.3981821081246
"164",9480031,"Whole Unit Executive condo walking distance to Mrt",21386285,"Susie","West Region","Jurong East",1.33509,103.73676,"Entire home/apt",5,2,"2018-01-05",0.07,15,348,255.544058430013
"165",31930801,"S - Peaceful & Relaxed Studio at City",239242652,"Shasha","Central Region","Tanglin",1.29449,103.82978,"Entire home/apt",2,2,"2019-05-24",0.3,25,349,149.841710656747
"166",26503900,"One Bedroom Whole House",20682139,"Shean","West Region","Choa Chu Kang",1.37869,103.7518,"Entire home/apt",5,14,"2019-08-10",1.07,1,310,251.086967118066
"167",32475586,"City-located studio apartment * BRAND NEW*",66406177,"Jay","Central Region","Kallang",1.30195,103.86211,"Entire home/apt",30,1,"2019-05-19",0.29,274,211,149.573260561276
"168",31105493,"Haus Sims 301",231534188,"Vu","Central Region","Kallang",1.31095,103.86206,"Entire home/apt",3,5,"2019-08-12",1.61,17,87,207.073781478772
"169",21128303,"Spacious Room near Paya Lebar MRT",148175032,"Fefe","Central Region","Geylang",1.31534,103.89431,"Private room",3,61,"2019-08-12",2.67,4,148,53.0544027904434
"170",25060330,"Studio Apartment - Oakwood Premier",178584113,"Oakwood Premier OUE Singapore","Central Region","Downtown Core",1.27734,103.84902,"Entire home/apt",4,4,"2019-06-15",0.53,15,351,294.83008397923
"171",28788262,"Bed in female dormitory @ Kallang MRT",108773366,"RedDoorz","Central Region","Kallang",1.31013,103.87247,"Shared room",1,1,"2018-10-21",0.1,109,360,29.8668952668218
"172",30510827,"☀☀☀3BR Clean & Modern Apt@ Balestier",209913841,"Richards","Central Region","Novena",1.3277,103.84311,"Entire home/apt",28,1,"2019-03-27",0.19,157,275,220.53890728101
"173",29319567,"Bed in dormitory near National Stadium",108773366,"RedDoorz","Central Region","Kallang",1.30956,103.87175,"Shared room",1,1,"2019-05-24",0.31,109,359,30.5517733331998
"174",13354987,"***1 mins walk to MRT train station",47894524,"Alex","West Region","Jurong West",1.33878,103.70399,"Shared room",2,8,"2018-06-01",0.43,2,0,70.0468172763694
"175",36252983,"Amazing En Suite Master Bedroom @Hillview near MRT",233602780,"Kit","West Region","Bukit Batok",1.35877,103.76344,"Private room",1,2,"2019-07-20",1.28,2,0,100.757354253441
"176",8113712,"Double Master Room & private bathroom (2)",24496358,"Katherine","East Region","Bedok",1.3172,103.9139,"Private room",3,2,"2018-05-22",0.12,24,239,108.120806590071
"177",20840015,"14 Bed Mixed Dorm(10) (with windows)",63448912,"River City Inn","Central Region","Downtown Core",1.2863,103.84782,"Shared room",1,1,"2018-10-11",0.09,43,343,36.3085498797115
"178",20158020,"Charming 2 Bedroom Apartment in West Coast",135756776,"Angie","West Region","Clementi",1.29922,103.76559,"Entire home/apt",6,1,"2019-07-18",0.71,22,362,318.768645988884
"179",29691687,"Studio 3 @ SG Central Min Walk To MRT",29420853,"Aaron","Central Region","Geylang",1.3152,103.89814,"Entire home/apt",3,5,"2019-07-27",0.84,141,62,147.851051988027
"180",31451872,"Two BR 5min Walk to Kallang MRT 6",234870042,"Kevin","Central Region","Geylang",1.31035,103.87676,"Entire home/apt",3,1,"2019-02-06",0.15,28,319,208.958694094209
"181",8111502,"Nice Studio Room in Landed house(8)",24496358,"Katherine","East Region","Bedok",1.31724,103.91256,"Private room",3,7,"2019-04-29",0.16,24,301,100.395319400953
"182",18101665,"Bright & Spacious Junior Master Room near MRT",68059127,"Wei","East Region","Bedok",1.32073,103.91585,"Private room",3,1,"2018-09-06",0.08,21,322,119.513298281219
"183",28266733,"#2 Huge Loft like apt w/DJ studio & amazing views",89666016,"Darren","Central Region","Rochor",1.30075,103.85053,"Private room",1,49,"2019-08-17",4.18,2,71,92.1033842535838
"184",13325753,"Spacious & Comfy room in the West",48825650,"Sue","West Region","Jurong East",1.34156,103.73542,"Private room",2,163,"2019-08-19",4.28,2,327,61.3894197719944
"185",17813026,"PROMO!! 1B Deluxe apartment perfect for Staycation",120039849,"Anna","Central Region","Orchard",1.30375,103.83672,"Entire home/apt",1,9,"2019-07-16",0.35,17,179,315.927243816382
"186",2146015,"Pvt Bedroom Suite @ Orchard Central Area.",10248444,"Rc","Central Region","River Valley",1.29488,103.83973,"Private room",1,98,"2019-08-11",1.44,48,346,102.212874569662
"187",26093769,"***2 Bed Room @ 15 mins walk Kallang mrt station",8492007,"Alvin","Central Region","Geylang",1.31034,103.87624,"Entire home/apt",2,5,"2018-10-30",0.38,203,337,233.134731361512
"188",21462118,"Private Room [Kampong Glam] - FEMALE ONLY",151316863,"Cheryl","Central Region","Rochor",1.30092,103.86016,"Private room",1,5,"2019-07-22",0.27,7,303,152.587229047728
"189",22643930,"Private condo room near airport and Expo",26560232,"Hazel","East Region","Pasir Ris",1.36987,103.96815,"Private room",2,2,"2018-11-17",0.12,2,57,77.536496761902
"190",33921915,"2BR Opposite Zhongshan Mall (btk)",32184450,"Apollo","Central Region","Novena",1.32665,103.84641,"Entire home/apt",8,1,"2019-04-27",0.24,67,178,209.088763775979
"191",20207839,"Stylish & Chic, Moroccan Loft in Shophouse!:)",17032962,"Shu","Central Region","Kallang",1.3128,103.85507,"Entire home/apt",1,105,"2019-08-12",4.32,16,154,189.513455599991
"192",18484277,"Humble & Conveniently Located 1BR in Katong Area",66406177,"Jay","Central Region","Marine Parade",1.30587,103.89759,"Entire home/apt",30,20,"2019-06-03",0.71,274,303,170.388511215638
"193",27470374,"❀❀❀3BR Sophie Road walking distance to plaza sing",8492007,"Alvin","Central Region","Rochor",1.30249,103.8476,"Entire home/apt",7,1,"2018-12-29",0.12,203,241,225.040592635491
"194",32621960,"Cosy 2 Bedroom Apartment in Central Singapore CBD",148161755,"Jan","Central Region","Rochor",1.2984,103.85173,"Entire home/apt",7,1,"2019-04-13",0.22,11,0,183.706675997641
"195",7265781,"Resort like unit, 2bdrm, no owner",38043100,"Jeanette","North-East Region","Ang Mo Kio",1.38496,103.84138,"Entire home/apt",5,5,"2017-08-18",0.1,1,239,178.389291895848
"196",30047798,"Luxury Stay at Whole condo just in front of Mrt",146100311,"Cindy","West Region","Jurong West",1.34521,103.72241,"Entire home/apt",5,3,"2019-07-29",1.76,10,90,283.23537943238
"197",21037382,"F2 Condo Room Near City 600m to Aljunied MRT",96467516,"Linda","Central Region","Geylang",1.31227,103.87961,"Private room",2,91,"2019-08-20",3.96,26,222,69.2015181861043
"198",14131949,"Luxurious Design Room With Private Bath Tub",77077626,"Markus","North-East Region","Serangoon",1.36565,103.86348,"Private room",2,13,"2019-07-26",0.55,3,365,115.268364483761
"199",3460343,"Chic New Cozy Studio Apt @ Orchard",10248444,"Rc","Central Region","River Valley",1.29783,103.83936,"Entire home/apt",1,179,"2019-08-12",2.87,48,288,169.19708754834
"200",9683612,"Female only 4 Bed Dorm",43228625,"Gfourstation","Central Region","Rochor",1.30366,103.85097,"Shared room",1,11,"2018-10-12",0.25,14,356,37.0850326912563
"201",11971734,"A 3-5mins to Kovan MRT, 20mins to City,Quiet,Clean",63961060,"Freddy","North-East Region","Hougang",1.36246,103.88487,"Private room",1,141,"2019-08-27",3.51,2,154,65.5623083780852
"202",5233415,"Furnished CBD Serviced Studio w MRT",13468566,"Andy","Central Region","Bukit Merah",1.27599,103.8406,"Entire home/apt",6,6,"2019-07-09",0.12,4,340,257.515277151489
"203",30046922,"Cosy Studio Beside MRT station",225722966,"Sarah","Central Region","Geylang",1.31499,103.8842,"Entire home/apt",1,50,"2019-08-21",5.47,4,302,172.338865746251
"204",19832720,"2BR [T] Srvcd Apt ★ Clementi",101145755,"Joanne","West Region","Clementi",1.31617,103.75728,"Entire home/apt",3,1,"2017-07-31",0.04,11,365,285.260412954082
"205",29171304,"CENTRAL ORCHARD / 2 BEDROOM / MINS TO MRT",189270725,"Tom","Central Region","Museum",1.30001,103.8448,"Entire home/apt",2,50,"2019-08-23",4.78,2,3,221.647586020112
"206",28185514,"Bright Spacious Master w Pool",2825246,"Carl","East Region","Bedok",1.32328,103.90852,"Private room",2,21,"2019-08-20",1.82,3,73,77.8607465258699
"207",14293858,"Cosy City Centre Room - Bencoolen  MRT
At Doorstep",11390076,"Tryston","Central Region","Museum",1.29756,103.85037,"Private room",5,5,"2019-03-10",0.14,18,364,124.107506157844
"208",30898788,"NEW En-suite Bedroom /WIFI near Orchard/Somerset",46685310,"L","Central Region","River Valley",1.29486,103.84006,"Private room",2,18,"2019-07-14",2.38,28,345,94.8241205784066
"209",24290323,"Studio Apartment - Oakwood Premier",178584113,"Oakwood Premier OUE Singapore","Central Region","Downtown Core",1.27705,103.84905,"Entire home/apt",4,8,"2019-06-27",0.55,15,344,310.130824196098
"210",15362541,"City Apartment Rm w/ Queen Bed @ Orchard_5",97206233,"Julie","Central Region","Orchard",1.30385,103.83477,"Private room",1,37,"2019-07-29",1.1,10,347,113.653748572747
"211",33784930,"☀1BR Spacious, Wifi, Pool, Gym @Farrer Park 1FP",209913841,"Richards","Central Region","Kallang",1.31299,103.85334,"Entire home/apt",3,1,"2019-07-18",0.71,157,340,178.53914239572
"212",23672746,"2BR (For 4) Apt Orchard/Stevens/UNESCO *MRT* B",6609641,"Catherine","Central Region","Tanglin",1.31707,103.82571,"Entire home/apt",7,5,"2019-06-01",0.44,19,362,236.765412341749
"213",23952491,"2 rooms/4 people near Katong Mall",108773366,"RedDoorz","East Region","Bedok",1.3091,103.91144,"Private room",1,1,"2018-06-24",0.07,109,358,143.848423846928
"214",17742555,"Maison Ser401",33189209,"Anthony","Central Region","Marine Parade",1.30729,103.89897,"Entire home/apt",2,13,"2019-08-06",0.71,23,36,157.198378839987
"215",20998924,"Spacious apartment @ Teck Whye Lane. Bedroom 1.",151174817,"Nurlinahwati","West Region","Choa Chu Kang",1.37857,103.75367,"Private room",2,50,"2019-08-04",2.16,2,131,54.5109411144837
"216",24696324,"Gusti Bed & Breakfast - 1 Single Bed (Shared)",98644049,"Gusti","Central Region","Kallang",1.30982,103.86189,"Shared room",1,3,"2019-07-30",1.67,5,349,48.5826791338747
"217",33809204,"2 BR Amazing view on Marina Bay & sea!",21368746,"J.","Central Region","Kallang",1.30792,103.86182,"Entire home/apt",2,1,"2019-04-22",0.23,1,0,198.475327461434
"218",10600920,"Cozy Studio 10 mins to Aljunied MRT",23722617,"Alex","Central Region","Geylang",1.3153,103.88809,"Entire home/apt",28,36,"2019-08-10",0.82,84,74,116.893873399754
"219",14524929,"Newly renovated Queen room",29295816,"Jojo","North-East Region","Hougang",1.36667,103.87627,"Private room",2,1,"2017-01-19",0.03,5,363,115.883275017885
"220",16412556,"1 Bedroom apartment",14521708,"Shirley","Central Region","Geylang",1.31377,103.88733,"Entire home/apt",1,25,"2019-05-28",0.78,67,116,116.068289442191
"221",25183317,"En-suites single room in House near MRT (1)",68059127,"Wei","East Region","Bedok",1.31692,103.91223,"Private room",3,1,"2018-06-29",0.07,21,343,111.493374528698
"222",27741066,"♥♥2BR Luxury Farrer Suites @ Farrer Park MRT (12s)",31464513,"Darcy","Central Region","Kallang",1.31595,103.85443,"Entire home/apt",5,2,"2019-06-02",0.16,114,329,151.245847698094
"223",24973289,"Cosy Room with High Ceiling & an Outdoor Terrace",186186852,"M Social","Central Region","Singapore River",1.29188,103.83787,"Private room",1,7,"2019-04-02",0.46,5,349,169.237901472863
"224",6120794,"Nicely  furnished 1 bedroom unit",14521708,"Shirley","Central Region","Geylang",1.31648,103.89486,"Entire home/apt",1,62,"2019-07-30",1.18,67,72,125.810784725814
"225",23509344,"Tiny Bunk bedroom",54233522,"Pusen","North-East Region","Hougang",1.3621,103.8861,"Private room",5,6,"2018-09-02",0.38,1,0,60.0479454798672
"226",18607018,"Near Jurong East MRT condo Master room",124827904,"Lucy","West Region","Jurong East",1.33404,103.7428,"Private room",3,52,"2019-08-25",1.92,6,234,70.8070289231496
"227",7875935,"Central Location, Near MRT & Food. Long Term Rent.",12171324,"Mal","Central Region","Kallang",1.31393,103.87216,"Private room",180,10,"2017-12-11",0.21,1,358,73.6692021737953
"228",31044175,"2 bedroom apt,BBQ ,garden, Little India, Bugis,MRT",211434562,"Paryani","Central Region","Newton",1.30604,103.84695,"Entire home/apt",1,8,"2019-08-03",1.12,64,348,332.291689238197
"229",4656221,"Cosy Apartment @ Geylang",20883050,"Alvin","Central Region","Geylang",1.3096,103.88166,"Private room",1,57,"2019-07-26",0.99,37,352,65.8716336929304
"230",9268058,"Private room- 5 bed (Shared toilet)",46515276,"Ark","Central Region","Kallang",1.31117,103.87361,"Private room",2,25,"2019-08-05",0.58,11,357,120.515797049785
"231",16407722,"COSY Room, QUIET area, 8min to CBD, great VALUE!!!",10510477,"Robert","Central Region","Toa Payoh",1.32967,103.86815,"Private room",3,2,"2017-05-01",0.07,1,0,62.0595027553054
"232",31851838,"★Superb Location @ Orchard City Central 超值民宿★",238709651,"Zoe & Friends","Central Region","Orchard",1.30357,103.83433,"Entire home/apt",2,28,"2019-08-02",4.18,3,233,259.148151731816
"233",28125905,"Boutique Capsule Hotel @ Chinatown",212448129,"Atlantis","Central Region","Outram",1.28267,103.84508,"Shared room",1,39,"2019-08-12",3.46,3,304,60.8130741899537
"234",28996484,"2 Bedroom @ Farrer Park MRT 123",29420853,"Aaron","Central Region","Kallang",1.31486,103.85239,"Entire home/apt",20,2,"2019-07-16",1.09,141,365,177.029107768114
"235",34862875,"City view apt in town near food  street 城市观景房近美食街",211137696,"Sunny","Central Region","Novena",1.32076,103.85298,"Entire home/apt",2,2,"2019-06-21",0.8,4,335,223.915496658233
"236",35495721,"2BigRomsHighWallArtPaintingLandedLoftHouseCentre",258272068,"Colour","Central Region","Kallang",1.31862,103.85893,"Private room",1,1,"2019-07-28",0.94,2,169,101.6189278829
"237",8626676,"Beary's 6 Bed Mixed Dorm (Per Bed)",45368183,"Beary Best Hostel","Central Region","Outram",1.28365,103.84637,"Shared room",1,15,"2019-01-19",0.34,9,360,35.3250641688292
"238",6178568,"Open Concept Studio (Opposite Chinatown MRT)",14521708,"Shirley","Central Region","Outram",1.28563,103.845,"Entire home/apt",10,22,"2019-07-10",0.42,67,47,133.456183445838
"239",4026199,"2BR (For 4) Apt Orchard/Stevens/UNESCO *MRT* B",6609641,"Catherine","Central Region","Tanglin",1.31539,103.82586,"Entire home/apt",7,29,"2019-07-17",0.48,19,362,213.221589497629
"240",17951810,"Condo Common Rm opposite of Lakeside Mrt",9293170,"Lee","West Region","Jurong West",1.34701,103.72155,"Private room",7,7,"2019-06-01",0.33,14,365,100.469701558795
"241",31580959,"STUNNING 3BR ON RIVER VALLEY Rd, Orchard",138649185,"Paridhi","Central Region","Singapore River",1.29309,103.84217,"Entire home/apt",2,1,"2019-08-02",1,76,364,453.803325357799
"242",29993904,"★Sunny, Newly Furnished Apt, 5 min to Orchard Road",225481195,"David","Central Region","Tanglin",1.29321,103.83014,"Entire home/apt",1,45,"2019-08-21",5.02,1,84,247.882258405164
"243",27638361,"Tanjong Pagar Pristine Studio Premium Apartment",23336011,"Heritage Apartments","Central Region","Outram",1.27888,103.8435,"Entire home/apt",5,4,"2019-08-15",0.37,40,273,186.565133937807
"244",35359778,"Condominium Apartment near Clarke Quay",3437228,"Adrian","Central Region","Museum",1.29088,103.84811,"Entire home/apt",1,8,"2019-08-10",3.12,2,88,309.330934549076
"245",24417860,"❀❀ 2BR Cosy unit nearby dakota mrt station IMT",8492007,"Alvin","Central Region","Geylang",1.31093,103.88552,"Entire home/apt",3,6,"2019-07-07",0.45,203,322,209.929662232291
"246",35781337,"3BR Spacious & Near Dakota MRT",209913841,"Richards","Central Region","Geylang",1.31313,103.88702,"Entire home/apt",14,1,"2019-08-12",1,157,365,193.905564820802
"247",4561484,"Cosy 1 bedroom apartment (Aljunied MRT)",14521708,"Shirley","Central Region","Geylang",1.31368,103.88597,"Entire home/apt",4,49,"2019-08-04",0.89,67,67,96.4156577918051
"248",16904220,"Spacious Pool View 2BR Condo",12569371,"Nigel","North Region","Mandai",1.4125,103.77774,"Entire home/apt",90,2,"2019-08-03",0.97,2,240,178.236702284382
"249",32643321,"Short and long stays $140 per pax weekly or longer",41059478,"Andrew","Central Region","Outram",1.28788,103.84123,"Shared room",3,2,"2019-08-19",2,5,54,79.2494329492544
"250",30304295,"Happy Snail Hostel - 1 bed in 8 person mixed dorm",13043889,"Happysnail","Central Region","Bukit Merah",1.27713,103.83199,"Shared room",2,1,"2018-12-28",0.12,2,353,89.4624971875048
"251",22475917,"3 mins walk to Jurong east MRT new condo",124827904,"Lucy","West Region","Jurong East",1.33518,103.74133,"Entire home/apt",1,1,"2018-05-09",0.06,6,117,269.051934291154
"252",3116909,"New Studio Apt @Orchard/Central",10248444,"Rc","Central Region","River Valley",1.29792,103.83781,"Entire home/apt",2,93,"2019-08-07",1.5,48,305,165.226524909994
"253",32296304,"2 BR Condo Next to Train Station Min 3 Mths Rent",109741357,"Lorraine","Central Region","Queenstown",1.27755,103.79268,"Entire home/apt",90,8,"2019-06-14",1.29,3,364,185.594608205507
"254",9216943,"Single Master Room Near MRT",47682311,"Joyce","West Region","Bukit Batok",1.34866,103.74683,"Private room",1,27,"2018-10-17",0.61,3,54,67.9672406955212
"255",33895462,"Missy's  Cabin",136519468,"Jing","Central Region","Kallang",1.32437,103.86613,"Private room",3,5,"2019-06-02",1.15,1,0,64.905339813201
"256",14577360,"kEnsuiteM1 Brickwall8 @ Chinatown/CBD",2413412,"Kaurus","Central Region","Outram",1.28291,103.84158,"Private room",90,2,"2018-07-23",0.11,112,343,64.578325991808
"257",26218347,"Ben's Lucky Lad",8527085,"Ben","Central Region","Orchard",1.30441,103.83354,"Entire home/apt",2,29,"2019-08-07",2.4,38,299,273.395879756664
"258",31478267,"2BR Katong Heritage Trail (4ona02)",31464513,"Darcy","Central Region","Geylang",1.31417,103.8985,"Entire home/apt",4,1,"2019-01-26",0.14,114,362,199.816520922584
"259",33562298,"Big and Spacious CBD 1BR apartment, near to MRT",66406177,"Jay","Central Region","Outram",1.27609,103.84356,"Entire home/apt",4,1,"2019-04-30",0.25,274,0,166.598802837269
"260",3667894,"Chinatown at your door: Master Rm attach bathroom",2413412,"Kaurus","Central Region","Outram",1.2852,103.84216,"Private room",90,1,"2019-05-28",0.32,112,361,58.8160651839644
"261",21047360,"Big Bell Tent by the Sea (6 Pax)",109089431,"Lydia","East Region","Bedok",1.31571,103.96254,"Entire home/apt",1,16,"2018-04-08",0.69,6,54,208.357250579858
"262",33108041,"[A] 2BR Free Parking & Wifi, CBD Fringe",248196938,"Mr. J","Central Region","Kallang",1.32205,103.86531,"Entire home/apt",2,20,"2019-08-08",3.68,14,222,289.643164330506
"263",24506830,"SPACE CAPSULE - NEW EXPERIENCE",182727326,"Atlantis","Central Region","Kallang",1.31493,103.85839,"Shared room",1,18,"2019-08-10",1.14,7,357,38.1505352374915
"264",5276634,"Master Room B4 nr MRT/CBP/CGH/SUTD/Airport/SIA",4705949,"Kit","East Region","Bedok",1.32845,103.94697,"Private room",3,43,"2019-08-16",0.83,13,84,106.657583580155
"265",11380721,"Maison Ava202",33189209,"Anthony","Central Region","Novena",1.32318,103.85313,"Entire home/apt",2,35,"2019-07-25",1.06,23,57,164.596623218356
"266",19954126,"Short Stay Apartment (Charisma View) S(598671)",141452197,"Leslie","Central Region","Bukit Timah",1.34477,103.76858,"Entire home/apt",90,1,"2017-10-26",0.04,1,180,193.140767298917
"267",29406217,"市中心高层方便近地铁站
high floor view in CBD one min to Mrt",42952583,"Stefanie","Central Region","Downtown Core",1.27679,103.84677,"Entire home/apt",90,3,"2019-01-25",0.32,1,89,230.994639122737
"268",29500883,"☀☀2BR Clean & Near Farrer Park MRT FPS2",209913841,"Richards","Central Region","Kallang",1.31265,103.85253,"Entire home/apt",3,2,"2019-07-12",0.47,157,247,216.431229855216
"269",32479873,"Entire unit in the City",158404113,"Cecy","Central Region","Kallang",1.32773,103.86327,"Entire home/apt",1,3,"2019-06-16",0.78,3,0,161.324943403179
"270",15921068,"Cozy Master Bed Room Near EW6 MRT 舒适宽敞主人房",103300843,"Steven","East Region","Bedok",1.32254,103.91947,"Private room",90,2,"2017-12-13",0.06,1,89,155.177313231322
"271",33634552,"Luxurious Studio  in the heart of the city.",42295661,"Bella","Central Region","Rochor",1.30976,103.85223,"Entire home/apt",2,8,"2019-08-27",2.96,8,250,207.069667633114
"272",33490643,"Large-bedroom-20%off, long-term rent welcome",38934778,"Ian","Central Region","Bishan",1.35389,103.83496,"Private room",2,2,"2019-06-07",0.62,3,33,81.637292855306
"273",17325277,"Sarina Corner Terrace",94740654,"Mohamad Ayub","East Region","Bedok",1.32049,103.90738,"Private room",1,1,"2017-08-30",0.04,1,0,78.5222109141814
"274",13282424,"Newly furnished room with couch near Aljunied MRT",4432314,"Trisha","Central Region","Geylang",1.31301,103.88579,"Private room",2,49,"2017-06-06",1.25,2,0,60.3368361871638
"275",35947264,"Senja cozy",75175440,"Rain","West Region","Bukit Panjang",1.384,103.76309,"Entire home/apt",1,1,"2019-06-24",0.45,2,0,231.839472324362
"276",17133592,"✪✪ 2BR Premier Suite resort (mez)",8492007,"Alvin","Central Region","Novena",1.31974,103.85205,"Entire home/apt",10,2,"2018-06-12",0.11,203,365,215.464407268489
"277",19555519,"Contemporary 2BR apartment in Orchard",135298846,"Kay","Central Region","River Valley",1.29882,103.84144,"Entire home/apt",6,29,"2019-08-10",1.29,22,320,290.930016415185
"278",19249203,"Condominium at its best available",107519585,"Kashyap","East Region","Pasir Ris",1.36686,103.96838,"Private room",3,1,"2017-07-06",0.04,1,0,80.5916701598942
"279",16264993,"3-storey Holiday House, Room Rental also avail",106363186,"Adam","East Region","Bedok",1.3225,103.92199,"Entire home/apt",2,2,"2019-08-18",1.67,2,90,209.751827397194
"280",26555143,"*300 meter to Metro*3BRs resort Style condo*地铁三房公寓",72997363,"DaoJJ","North-East Region","Serangoon",1.34547,103.87799,"Entire home/apt",3,36,"2019-08-23",3.35,1,94,155.980805805536
"281",16735116,"T - Peaceful & Restful City studio",229339,"Tom","Central Region","Bukit Merah",1.28394,103.83149,"Entire home/apt",2,3,"2019-07-06",0.47,26,349,137.399014681357
"282",30900063,"NEW Cosy & Comfy Studio Apt -Somerset/Orchard Area",109333133,"Pat","Central Region","River Valley",1.29694,103.8394,"Entire home/apt",2,2,"2019-04-05",0.37,18,329,159.050687452683
"283",13123626,"♪♪Charming & Sapcious Suite 2BR Apartment (msl1)",31464513,"Darcy","Central Region","Kallang",1.32738,103.86449,"Entire home/apt",10,1,"2017-11-07",0.05,114,264,226.460882932599
"284",20155952,"MasterbedRoom with PrivateToilet Clean newly Reno",138158188,"Leonard","West Region","Choa Chu Kang",1.37881,103.75444,"Private room",5,38,"2019-03-01",1.57,2,0,55.7168269093707
"285",17416854,"Apartment with pool/mrt/supermarket/food/bus",1725521,"Benny","Central Region","Geylang",1.3148,103.88818,"Entire home/apt",2,110,"2019-08-13",3.63,16,33,168.859262668781
"286",3991040,"master room--quiet and cozy",17320382,"Judy","West Region","Jurong East",1.33856,103.73562,"Private room",1,34,"2019-07-30",0.92,1,329,69.1277274379621
"287",21541391,"Casa Ava 302",16305681,"Ace Beautiful Homes","Central Region","Novena",1.32257,103.85229,"Entire home/apt",3,3,"2018-12-28",0.15,17,50,125.155720118639
"288",12995321,"★CENTRAL★WALK EVERYWHERE★NEAR 6 METROS★QUIET",13943420,"Yan","Central Region","Newton",1.29971,103.84421,"Entire home/apt",4,189,"2019-08-12",4.81,1,163,251.475114294169
"289",13265702,"❀❀2BR Nice homey unit city fringe (BL2)",8492007,"Alvin","Central Region","Novena",1.32414,103.8527,"Entire home/apt",3,18,"2018-04-22",0.46,203,259,203.702967249878
"290",21154795,"Santorini Room (3pax, AC, PRIVATE) near Khatib MRT",9764764,"Ben","North Region","Yishun",1.41597,103.84165,"Private room",2,45,"2019-08-02",1.95,1,351,61.883939546106
"291",27140686,"Walk 3 minutes to Mrt pretty bed room",191309433,"Zoe","Central Region","Geylang",1.314,103.8836,"Private room",10,5,"2018-10-16",0.39,4,2,63.2206391254032
"292",1508829,"Lavender QueenBed rmFr: 5m walk MRT",2413412,"Kaurus","Central Region","Kallang",1.30774,103.86332,"Private room",18,8,"2016-12-26",0.13,112,359,44.9120694748513
"293",13982434,"COSY ROOM NEAR ZOO AND JB, MALAYSIA 2",60304127,"Fanlei","North Region","Woodlands",1.42969,103.79155,"Private room",2,14,"2017-03-31",0.37,2,0,48.0396048284955
"294",28731913,"5min to Marina Bay, Convenient & Cosy Apt in CBD",66406177,"Jay","Central Region","Downtown Core",1.27475,103.84499,"Entire home/apt",30,1,"2019-04-20",0.23,274,347,164.960153281547
"295",19469757,"Apt5T Little India/FarrerParkMRT 2-3minWalk",128981225,"Meadowland","Central Region","Rochor",1.30987,103.85417,"Entire home/apt",1,57,"2019-06-06",2.22,7,0,147.804296039996
"296",30561871,"Bright&Airy, Origins 2-Storey Suite in Shophouse!",17032962,"Shu","Central Region","Kallang",1.31287,103.85728,"Entire home/apt",2,26,"2019-08-09",3.11,16,65,179.711983312628
"297",30510956,"☀☀☀3BR Bright & Airy Opp ZhongShanMall  8SR",209913841,"Richards","Central Region","Novena",1.32461,103.8467,"Entire home/apt",20,1,"2019-05-08",0.27,157,264,221.356737959942
"298",33920342,"City-located Studio apartment *BRAND NEW*",66406177,"Jay","Central Region","Kallang",1.30294,103.86288,"Entire home/apt",30,1,"2019-07-21",0.77,274,257,142.909922518957
"299",7843168,"1 Super Single Bed In Private Room",40912923,"Erin","Central Region","Geylang",1.31422,103.90481,"Private room",1,285,"2019-06-30",5.86,4,0,78.110254460636
"300",34295013,"1 Min MRT Central area Entire High view近地铁市中央区整套公寓",58692882,"Lily","Central Region","Downtown Core",1.27702,103.84678,"Entire home/apt",2,7,"2019-08-09",2.47,12,21,258.345996967508
"301",24125960,"Affordable shortv term  room near NUS NUH.(7,D,E)",18618387,"Joyce","Central Region","Queenstown",1.27993,103.78559,"Private room",1,16,"2019-08-10",0.96,18,339,106.198322449228
"302",18679631,"Small room for you",108408404,"Sutthida","Central Region","Marine Parade",1.30823,103.89461,"Private room",2,1,"2017-05-14",0.04,1,0,66.108446975011
"303",22225768,"Cozy 1 BR Apt in River Valley",23722617,"Alex","Central Region","River Valley",1.29592,103.8404,"Entire home/apt",6,8,"2019-06-25",0.69,84,88,156.599921086472
"304",9915648,"SINGLE BED CAPSULE IN HOSTEL RM4",46545593,"Meadows","Central Region","Kallang",1.3109,103.86107,"Shared room",1,27,"2018-11-20",0.61,17,365,34.6190731034124
"305",22053686,"Beach Glamping Singapore (8 pax Jumbo bell tent)",155745049,"Go","East Region","Bedok",1.30655,103.92775,"Entire home/apt",1,10,"2019-02-10",0.55,6,0,197.710289963467
"306",5253639,"Evergreen Residences @ Singapore",20883050,"Alvin","Central Region","Geylang",1.3114,103.88322,"Private room",1,25,"2019-08-12",0.47,37,353,69.636638937398
"307",14196766,"♥♥Lovely 2BR@Central 5 min to City (BL5)",31464513,"Darcy","Central Region","Novena",1.32329,103.85197,"Entire home/apt",4,2,"2019-04-10",0.1,114,260,212.598174560448
"308",3639516,"DORMS... in the heart of Chinatown!",17526618,"Royal","Central Region","Outram",1.28496,103.84318,"Shared room",1,192,"2019-06-28",3.1,13,46,43.0506788415756
"309",22114845,"@(v1)CozyRoom Near City, 6mins Walk To Aljunid MRT",161561473,"Nanda","Central Region","Geylang",1.31252,103.88207,"Private room",2,52,"2019-08-04",2.55,9,145,64.1866316587008
"310",22781231,"Superb 3-storey floor Villa FOR Large Grp!!!",81428257,"Michael","Central Region","Novena",1.31811,103.84271,"Entire home/apt",2,50,"2019-07-21",2.67,8,219,228.68315830203
"311",29971710,"M - ZR3 Brand New Airy & Stylish Loft @ City.",189449378,"Mindy","Central Region","Tanglin",1.29297,103.82783,"Entire home/apt",2,3,"2019-04-07",0.31,26,294,167.961963407967
"312",31960343,"Rejuvenate & Recharge in Luxury In Chinatown",218722083,"Ann Siang","Central Region","Outram",1.28099,103.84635,"Private room",1,3,"2019-06-28",0.86,5,284,213.354172070414
"313",18646201,"prewar2 loftbed roomA > lavender MRT",97878860,"Chelsey","Central Region","Kallang",1.30883,103.86239,"Private room",18,1,"2017-06-18",0.04,59,362,43.3599212394926
"314",30074495,"Y&J’s Home",49584057,"Y2m","West Region","Jurong East",1.33521,103.74691,"Private room",3,2,"2019-02-28",0.24,2,333,65.8409547327367
"315",13183241,"Modern private studio room EZS-7",24496358,"Katherine","East Region","Bedok",1.32541,103.91457,"Private room",3,1,"2017-07-02",0.04,24,149,136.360554559942
"316",12841880,"Cozy small room at condominium!",38134732,"Kaori","Central Region","Geylang",1.31533,103.88807,"Private room",1,2,"2016-06-10",0.05,1,0,69.8422419005827
"317",17684121,"2 Bedroom Beside Farrer Park MRT FpS",29420853,"Aaron","Central Region","Kallang",1.31404,103.85322,"Entire home/apt",5,3,"2019-03-08",0.2,141,247,208.81180914924
"318",8004648,"Homey cozy room in Natureland",42260465,"Agnes","North Region","Yishun",1.41633,103.84611,"Private room",2,15,"2017-10-06",0.32,1,365,174.029017468381
"319",34301213,"Cosy Spacious House at Bukit Panjang",1214246,"Hossein","West Region","Choa Chu Kang",1.38139,103.75942,"Entire home/apt",1,2,"2019-07-15",0.76,1,8,234.801503609431
"320",26010706,"Private Room , Private Bathroom Near Chinatown",195325602,"Alan","Central Region","Bukit Merah",1.28455,103.83357,"Private room",7,2,"2019-03-11",0.34,6,355,81.4815519045024
"321",10030323,"COSY SINGLE BED CAPSULE IN HOSTEL 2",46545593,"Meadows","Central Region","Kallang",1.3106,103.86112,"Shared room",1,66,"2019-08-21",1.53,17,354,34.7181657503901
"322",21005235,"1BR Serviced Apartment - Queenstown (Alexis)",151196270,"Jhian","Central Region","Queenstown",1.2906,103.80705,"Entire home/apt",89,2,"2018-08-29",0.09,45,363,197.85849761655
"323",19164741,"Premium double beds - Luxury hostel- Females only",646629,"Adler","Central Region","Outram",1.28228,103.84588,"Shared room",1,15,"2019-07-25",0.57,15,164,48.6803217616844
"324",6299510,"Cosy Loft Apartment in Chinatown",14521708,"Shirley","Central Region","Outram",1.28359,103.84564,"Entire home/apt",5,21,"2019-07-23",0.58,67,117,142.692548008707
"325",5118006,"Evergreen Residences 2",20883050,"Alvin","Central Region","Geylang",1.31105,103.88313,"Private room",1,55,"2019-08-05",1,37,342,68.9783489336363
"326",23446208,"★Lucky Plaza @ Orchard MRT Central 用心的民宿★",24997642,"Regina & Co.","Central Region","Newton",1.30541,103.83518,"Entire home/apt",2,75,"2019-08-18",4.29,6,241,252.968038419515
"327",23134898,"Cheap Cozy and Spacious Home (Common Room) :)",11280282,"Chester","East Region","Pasir Ris",1.37066,103.96204,"Private room",1,4,"2018-02-28",0.22,2,0,60.4668384461444
"328",30237502,"2 Bedroom Cosy Apartment @ Central SG BlB",29420853,"Aaron","Central Region","Novena",1.32229,103.85238,"Entire home/apt",3,1,"2018-12-20",0.12,141,301,198.871371722028
"329",34579218,"Cosy & Spacious 2Br apt near Tanjong Pagar MRT",66406177,"Jay","Central Region","Downtown Core",1.27515,103.84504,"Entire home/apt",8,1,"2019-06-28",0.48,274,0,165.904622741898
"330",32663173,"Cosy private bedroom with holiday style facilities",43591543,"Donald","North Region","Sembawang",1.44577,103.82883,"Private room",10,9,"2019-08-24",1.73,15,161,93.3266315789474
"331",17657915,"Cube Boutique Capsule Hotel",120170647,"Cube","Central Region","Outram",1.28386,103.84229,"Shared room",1,71,"2019-07-22",2.37,1,365,469.560296198647
"332",33836101,"Cosy Soho 1 bedroom condominium at by east coast",40375561,"Bin","Central Region","Marine Parade",1.30026,103.90174,"Entire home/apt",2,1,"2019-04-15",0.22,1,126,254.578533199347
"333",3140972,"Ground floor Cosy and Spacious 1 bedroom apartment",14521708,"Shirley","Central Region","Geylang",1.31601,103.88579,"Entire home/apt",1,63,"2019-07-30",0.99,67,77,109.503389478448
"334",21928140,"❀1BR cosy unit @ River Valley town area (rvp)",8492007,"Alvin","Central Region","Museum",1.29514,103.84249,"Entire home/apt",3,11,"2019-06-25",0.51,203,325,168.045242051796
"335",33437497,"As good as a holiday home in BALI",21475020,"Carrie","East Region","Bedok",1.31351,103.93604,"Private room",2,1,"2019-05-06",0.26,1,0,71.3192621505412
"336",12702541,"Cozy condo Singapore City Centre min 3 months stay",1901820,"Patro","Central Region","Rochor",1.30216,103.84699,"Entire home/apt",90,26,"2017-02-22",0.72,1,270,214.34849145394
"337",13284904,"Marina Bay Beach MRT Malls 12min walk",74937081,"Rachel","Central Region","Kallang",1.29718,103.87737,"Entire home/apt",4,1,"2017-09-24",0.04,1,0,210.441963561559
"338",33467817,"Luxury condo Studio unit, 5 mins walk to MRT.",225574056,"Christina","East Region","Pasir Ris",1.37195,103.94379,"Entire home/apt",10,1,"2019-04-04",0.2,1,209,148.019514613838
"339",17507048,"Cosy 2 Queen Beds Studio Apt at Somerset/ central",46685310,"L","Central Region","River Valley",1.29765,103.83933,"Entire home/apt",1,52,"2019-07-02",1.85,28,319,155.636358253139
"340",9042423,"Good location and friendly faimly",47187313,"Hugo","Central Region","Novena",1.31972,103.84736,"Private room",1,1,"2019-05-03",0.25,1,0,94.56769673555
"341",26547527,"2 Bedroom @ FP-O Suites",29420853,"Aaron","Central Region","Kallang",1.31125,103.86053,"Entire home/apt",3,1,"2018-12-09",0.11,141,307,201.27216331323
"342",29302695,"Yunnan Garden Corner Terrace ( Near NTU)",220733620,"Lee","West Region","Jurong West",1.33871,103.69155,"Private room",1,17,"2019-08-24",2.37,3,334,79.0846132822603
"343",27741231,"♥♥2BR Luxurious Stay @ Farrer Park MRT (os)",31464513,"Darcy","Central Region","Kallang",1.31192,103.86032,"Entire home/apt",7,3,"2019-03-30",0.25,114,307,217.453234775113
"344",13762245,"Beautiful Master room w ensuite bathrm at Central",80695251,"Alex","Central Region","Kallang",1.31892,103.86357,"Private room",4,1,"2016-07-21",0.03,1,0,67.3800873771607
"345",9377436,"Master Room in Heart of Singapore!",46080696,"Gabriele","Central Region","Rochor",1.29931,103.85063,"Private room",3,5,"2016-04-24",0.11,1,0,77.9799059225153
"346",35145607,"Self Check-in,Cozy Rm 726,Little India,Share Bath",263670177,"Okami","Central Region","Kallang",1.3166,103.85773,"Private room",2,3,"2019-06-29",1.11,1,0,36.6138627970593
"347",23471003,"n Spacious 3BR Apt 市中心好房&2 MRT stations to Orchard",80570036,"Chris","Central Region","Novena",1.31806,103.84212,"Entire home/apt",1,9,"2019-08-11",0.53,22,137,238.524771748747
"348",31175610,"H - Bright, Quiet City Apt 400M to MRT",225666624,"Han","Central Region","Bukit Merah",1.28399,103.83258,"Entire home/apt",1,1,"2019-04-07",0.21,24,208,160.840384716102
"349",3987557,"❀❀❀3BR Purple Line spacious (ERS3B3)",8492007,"Alvin","Central Region","Kallang",1.31944,103.86222,"Entire home/apt",7,47,"2019-08-03",0.78,203,262,251.94581813634
"350",29194795,"``2BR Paya Lebar Katong Heritage trail (on2br2t)",31464513,"Darcy","Central Region","Geylang",1.31554,103.8974,"Entire home/apt",3,1,"2019-02-02",0.14,114,55,166.381732211219
"351",9519477,"Modern Central Condo",2452592,"Jane","Central Region","Downtown Core",1.27548,103.84517,"Entire home/apt",3,7,"2017-06-26",0.17,1,0,210.954277068611
"352",33519561,"Centrally-located Cozy Loft Near 3 MRT Lines市中心夜景房",250510187,"Dian","Central Region","Kallang",1.31214,103.85918,"Entire home/apt",2,10,"2019-08-12",2.33,7,338,256.240966987642
"353",29741816,"NEWLY RENOVATED CENTRAL ROOM NEAR FAMOUS FOOD CTR3",92189808,"Darius","Central Region","Kallang",1.31356,103.84615,"Private room",1,24,"2019-08-09",2.54,4,342,97.9536189182091
"354",11380963,"Maison Ava302",33189209,"Anthony","Central Region","Novena",1.3229,103.85364,"Entire home/apt",3,25,"2019-07-29",0.67,23,50,129.431140065734
"355",24636530,"Downtown Ensuite Master* + Personal Living Room",97878860,"Chelsey","Central Region","Outram",1.28319,103.84287,"Private room",90,1,"2018-06-05",0.07,59,356,64.6166072354829
"356",12738797,"Capella The Club Residences Singapore - 1 BR Suite",9938906,"Capella Club Residences","Central Region","Southern Islands",1.24853,103.82502,"Entire home/apt",1,5,"2017-07-09",0.14,3,150,1472.88022376644
"357",12365867,"Single Capsule For 1 (Free Breakfast)",65679130,"Seven","Central Region","Kallang",1.3091,103.8592,"Shared room",1,8,"2017-07-20",0.21,18,359,46.3791954069823
"358",15100514,"Amazing Holiday Condo Apartment -min walk to 3 MRT",21149720,"Mike","Central Region","Kallang",1.31122,103.85924,"Entire home/apt",1,2,"2018-03-18",0.09,16,351,220.173449225679
"359",5348037,"Master Rm 70R2 nr Expo/SUTD/CBP/Airport/Boeing",4705949,"Kit","East Region","Tampines",1.34159,103.95868,"Private room",4,41,"2019-05-27",0.75,13,55,78.0247374868064
"360",24078928,"L Studio - Changi, Suntec, Sands Expo",31731290,"Wansik","East Region","Bedok",1.32384,103.91481,"Private room",2,50,"2019-07-02",2.95,5,11,101.116483714343
"361",33534699,"Luxurious Marina Bay Suites",252321435,"Amito","Central Region","Downtown Core",1.28009,103.85425,"Private room",1,4,"2019-08-22",1.13,2,120,181.040167538111
"362",11514647,"Modern Condo near trendy part of SG",15906991,"Jess","Central Region","Rochor",1.30102,103.86108,"Entire home/apt",1,1,"2016-04-23",0.02,1,0,223.13861337246
"363",34838916,"Modern apt near downtown with awsome facility 秘密花园",211137696,"Sunny","Central Region","Bukit Timah",1.34477,103.76951,"Entire home/apt",2,3,"2019-08-01",1.2,4,346,229.251118909511
"364",23604711,"Tranquil 2Bed/2Bath Parking -Apartment",5092893,"Sam","Central Region","Bishan",1.35629,103.82818,"Entire home/apt",85,1,"2018-10-23",0.1,2,300,198.757369175263
"365",27993739,"❀❀2BR @ novena area mins walk to shopping mall",8492007,"Alvin","Central Region","Novena",1.32402,103.84862,"Entire home/apt",3,4,"2019-08-04",0.38,203,345,166.636767949213
"366",22590867,"Cozy and newly renovated flat",166129186,"Kai","West Region","Bukit Batok",1.34222,103.76014,"Private room",2,1,"2018-02-11",0.05,1,0,122.627735587087
"367",8313460,"cosy apartment 3",20883050,"Alvin","Central Region","Kallang",1.30971,103.87093,"Private room",1,73,"2019-08-13",1.52,37,314,85.8892087448398
"368",25044951,"Contemporary Spacious Home in City Centre",189326474,"Kiwi Sg Home","Central Region","Rochor",1.30186,103.84978,"Entire home/apt",2,38,"2019-08-20",2.42,10,153,235.462590829932
"369",8017511,"3 bedroom apt beside Kembangan MRT.",22595027,"Tiffany","East Region","Bedok",1.31952,103.91476,"Entire home/apt",2,30,"2019-07-29",0.73,1,361,169.413791470551
"370",34548567,"Spacious Room",51089157,"Saida","Central Region","Tanglin",1.31475,103.82871,"Private room",1,1,"2019-05-23",0.31,1,0,92.4791497544311
"371",21084415,"High floor near the city",141470884,"Rajendra","Central Region","Marine Parade",1.2995,103.88845,"Private room",1,1,"2017-11-08",0.05,2,0,117.913623700636
"372",21843221,"Private room with Shared bathroom, Aircon",159166600,"Khai Yong","West Region","Western Water Catchment",1.38781,103.741,"Private room",5,22,"2019-04-29",1.06,1,126,52.3624065833011
"373",5853047,"Cozy 1 Bedroom Apt in River Valley",23722617,"Alex","Central Region","River Valley",1.29638,103.83975,"Entire home/apt",5,37,"2019-08-13",0.7,84,70,125.173779768754
"374",11999851,"Cozy 3 bedroom condo with wifi",23062835,"Evelyn","East Region","Bedok",1.31693,103.90737,"Entire home/apt",3,96,"2019-08-18",2.45,1,325,230.704835491886
"375",23926236,"Bright room in hip neighborhood",17179570,"Erika","Central Region","River Valley",1.29398,103.83809,"Private room",5,1,"2018-03-23",0.06,1,0,88.4451082552163
"376",31948394,"quiet beautiful room in Singapore",118676322,"Apple","North-East Region","Hougang",1.37461,103.90443,"Private room",5,4,"2019-07-25",0.72,1,358,59.8962170952996
"377",24312879,"2000sqft Detached House 独立式超大空间别墅",45003690,"James","Central Region","Kallang",1.32241,103.86506,"Entire home/apt",7,1,"2018-06-22",0.07,1,0,147.670928681038
"378",23951548,"Superior Room near Katong Shopping Centre",108773366,"RedDoorz","East Region","Bedok",1.30995,103.91299,"Private room",1,12,"2019-07-08",0.94,109,357,124.218038360182
"379",33829025,"shophouse style- 1 bedroom",32184450,"Apollo","Central Region","Kallang",1.31542,103.85905,"Entire home/apt",3,1,"2019-06-10",0.37,67,365,191.003747923207
"380",26207768,"**3BR Near Kallang MRT mins Drive to Bugis (GL7)",31464513,"Darcy","Central Region","Geylang",1.31042,103.87654,"Entire home/apt",3,6,"2018-11-13",0.43,114,362,338.275166381368
"381",1363204,"Chinatown at your door: Master Rm* attach bathroom",2413412,"Kaurus","Central Region","Outram",1.28432,103.84334,"Private room",90,3,"2016-10-14",0.04,112,361,58.1852278761201
"382",30000219,"Private Home stay in Singapore",181978553,"Faith","Central Region","Rochor",1.3062,103.84807,"Private room",5,12,"2019-08-07",2.35,2,305,92.6591113328348
"383",6603488,"T - Calm & Quiet City Apt 5 mins to MRT.",229339,"Tom","Central Region","Bukit Merah",1.28214,103.83121,"Entire home/apt",1,3,"2019-06-24",0.06,26,326,141.951897228474
"384",35815836,"10-Min Wonder",40438427,"Joy","Central Region","Bukit Merah",1.26863,103.8239,"Private room",1,5,"2019-08-06",3.33,1,364,394.953739663688
"385",32527953,"ORCHARD Central - common bedroom",233118337,"SugarKenn","Central Region","Newton",1.31621,103.8343,"Private room",4,7,"2019-08-14",1.56,3,338,122.485369831001
"386",3859180,"Ground floor 1 Bedroom Unit",14521708,"Shirley","Central Region","Geylang",1.31586,103.88559,"Entire home/apt",1,78,"2019-07-08",1.28,67,10,122.285635685345
"387",1678754,"Private Room for 6pax @ Chinatown",8881470,"Wink","Central Region","Outram",1.28446,103.8446,"Shared room",1,2,"2018-03-11",0.04,5,275,81.9761538727003
"388",5832741,"Condo Rm near Boon Lay MRT Station",4751749,"Aveline","West Region","Jurong West",1.35015,103.69571,"Private room",90,19,"2018-08-12",0.36,2,264,49.4363461987027
"389",28554971,"Divas bed/share room at Bugis-Female only",47611818,"Jessie","Central Region","Rochor",1.29982,103.85171,"Shared room",2,7,"2019-08-12",0.73,14,266,49.8893945780143
"390",11972403,"3-5mins to Kovan MRT, 20mins to City, Quiet, Clean",63961060,"Freddy","North-East Region","Hougang",1.36248,103.88487,"Private room",1,189,"2019-08-27",4.57,2,145,64.871532187609
"391",28348653,"AWESOME GUESTHOUSE NEAR NUS NUH INSEAD !(305,309)",18618387,"Joyce","Central Region","Queenstown",1.28084,103.7871,"Private room",1,5,"2019-07-15",0.42,18,356,104.148771913235
"392",19009257,"[Botanical Garden] Cozy Room by Beautiful Natures",125804276,"Lam","Central Region","Bishan",1.35041,103.83968,"Private room",2,94,"2019-08-12",3.48,1,13,86.6007888315095
"393",34818375,"Private Room near Airport & Expo. 25 mins to city!",951965,"Arun","East Region","Tampines",1.36132,103.93392,"Private room",1,2,"2019-07-21",1.11,2,360,87.3561992132041
"394",36507305,"ｵｰﾁｬｰﾄﾞﾛｰﾄﾞｴﾘｱ!ﾌｨｯﾄﾈｽ設備!無料wifi!ｽﾀｲﾘｯｼｭなｺﾝﾄﾞﾐﾆｱﾑ",6632571,"Wakana","Central Region","Rochor",1.30197,103.84886,"Shared room",1,3,"2019-08-05",3,1,0,59.7467664398078
"395",18214792,"Your second home in Singapore",40345484,"Ine","Central Region","Marine Parade",1.29712,103.88907,"Private room",2,4,"2017-12-12",0.17,3,138,144.728341217852
"396",16231741,"Joo’s Service Bungalow - Room 8",72242589,"James","Central Region","Marine Parade",1.308,103.89239,"Private room",30,88,"2019-07-03",2.67,7,152,89.6282939060936
"397",24781937,"Lovely Studio @ Nearby Farrer Park MRT",183618288,"Jimmy","Central Region","Kallang",1.31419,103.85662,"Entire home/apt",30,18,"2019-07-08",1.18,30,45,127.243305038734
"398",35011992,"2Br Apt Rochor MRT(1min) shopping, food",263776112,"Tuan","Central Region","Rochor",1.3011,103.85165,"Entire home/apt",2,2,"2019-08-04",0.64,2,50,247.68136041077
"399",34486656,"Nice bedroom in Resort setting",35666883,"Ethan","Central Region","Marine Parade",1.3025,103.90167,"Private room",1,10,"2019-08-13",5.66,7,363,134.499039266243
"400",17275135,"Orchard Rd - Big Master Room",11390076,"Tryston","Central Region","Newton",1.30449,103.83844,"Private room",3,11,"2019-08-14",0.36,18,364,108.317242973456
"401",24833918,"Cosy Family/Couple/Business friendly home",187738931,"Xiaoqi","North-East Region","Serangoon",1.3615,103.8615,"Private room",1,5,"2019-07-11",0.71,1,36,60.9597920505493
"402",25445549,"*New*3min MRT*City central*High floor*Quiet*Cozy",191196476,"Yoyo","Central Region","Kallang",1.31044,103.8584,"Private room",2,7,"2019-07-18",0.47,2,349,101.576977275968
"403",32852530,"Serviced Luxury 2Brm Loft in the Heart of Orchard",153699183,"Matthew","Central Region","Newton",1.30922,103.83066,"Entire home/apt",14,1,"2019-08-04",1,1,57,253.330957544698
"404",4583589,"Nice and Cosy 3BR Penthouse Condo",23759728,"Foong","North Region","Woodlands",1.42798,103.78508,"Entire home/apt",30,5,"2018-08-03",0.1,1,365,183.233744849395
"405",20794954,"Designer Apartment in the heart of Singapore",7223111,"Katherine","Central Region","Museum",1.29947,103.84244,"Entire home/apt",3,100,"2019-08-19",4.36,2,216,248.703074382652
"406",26217724,"Luxury 2br Opulent Next to MBS",8527085,"Ben","Central Region","Outram",1.28158,103.84871,"Entire home/apt",2,7,"2019-07-20",0.51,38,13,207.728423872356
"407",8372023,"Orchard Studio w Awesome Kitchen Emerald Hill Rd#8",26823765,"Bc","Central Region","Newton",1.30543,103.8403,"Entire home/apt",3,71,"2019-08-12",1.78,6,137,169.463524969272
"408",29042415,"2br Chic Raffles next to MRT",7690967,"Daniel","Central Region","Outram",1.2815,103.84896,"Entire home/apt",2,24,"2019-08-05",2.52,6,139,276.069847851762
"409",21887155,"Twin room attached balcony",40912923,"Erin","Central Region","Geylang",1.3119,103.90407,"Private room",1,90,"2019-06-20",4.22,4,14,78.1983812417587
"410",11025823,"❀❀2BR Amzing cityview @ Balestier (1TBL)",8492007,"Alvin","Central Region","Novena",1.32622,103.85443,"Entire home/apt",3,1,"2016-09-17",0.03,203,330,167.985021304234
"411",36028778,"The Pink House-Private Room with En-Suite Bathroom",271051581,"Lady","North-East Region","Sengkang",1.3938,103.87613,"Private room",2,8,"2019-08-24",4.53,2,122,60.9073080359908
"412",34543780,"Near Sentosa Penthouse Private Room with Balcony",256900612,"T.L.","Central Region","Bukit Merah",1.27013,103.82044,"Private room",1,11,"2019-08-25",5.59,1,57,109.816827322904
"413",6297371,"Comfy 1 BR Apt in River Valley",23722617,"Alex","Central Region","River Valley",1.29561,103.84035,"Entire home/apt",6,21,"2019-05-13",0.41,84,45,124.658365128232
"414",7811199,"Cozy Studio at River Valley",23722617,"Alex","Central Region","River Valley",1.29506,103.83996,"Entire home/apt",6,38,"2019-07-31",0.78,84,61,121.898100454631
"415",20213741,"Pamper yourself with a luxury stay",143892668,"Chin","West Region","Jurong West",1.34683,103.72192,"Private room",5,7,"2019-02-20",0.3,13,365,98.4194518849125
"416",4541183,"Boat Quay Studio Premium Apartment with River View",23336011,"Heritage Apartments","Central Region","Downtown Core",1.28895,103.85033,"Entire home/apt",7,117,"2019-08-20",2.02,40,364,189.421682991193
"417",29552115,"Chinatown Skylight Studio Single",23336011,"Heritage Apartments","Central Region","Outram",1.28321,103.84494,"Entire home/apt",7,6,"2019-04-22",0.67,40,350,150.328484194103
"418",36360013,"Peaceful Getaway @Hillview: Private Room near MRT",233602780,"Kit","West Region","Bukit Batok",1.35996,103.76216,"Private room",1,2,"2019-07-27",1.2,2,0,100.715254253441
"419",13703898,"Singapore homestay @ Pasir Ris street 51",9453430,"Melissa","East Region","Pasir Ris",1.37389,103.94665,"Private room",2,42,"2019-08-06",1.53,1,329,72.525446085876
"420",25753432,"Spacious 2BR @ Purple Line MRT (e4r9s)",31464513,"Darcy","Central Region","Kallang",1.3223,103.86384,"Entire home/apt",80,1,"2018-07-18",0.07,114,358,263.535526595858
"421",27270305,"1 Bedroom @ RV Road Orchard RvP",29420853,"Aaron","Central Region","River Valley",1.29481,103.84179,"Entire home/apt",10,6,"2019-07-26",0.54,141,325,161.135781097931
"422",35773711,"Spacious Family Room for 6 @ Lavender MRT",108773366,"RedDoorz","Central Region","Kallang",1.30864,103.8628,"Private room",1,1,"2019-08-10",1,109,164,98.3678110119977
"423",33734018,"Modern private studio room EZS-7 with shared pool",68059127,"Wei","East Region","Bedok",1.32559,103.91636,"Private room",3,1,"2019-08-10",1,21,149,136.344269851513
"424",1805143,"2 Bdr condo+pool+Mins walk to MRT",9461671,"Alvin","Central Region","Geylang",1.31435,103.88617,"Entire home/apt",3,19,"2019-07-22",0.28,1,332,183.066924356148
"425",28675203,"Y&J’s Haven",49584057,"Y2m","West Region","Jurong East",1.33726,103.74533,"Private room",3,7,"2019-08-02",0.88,2,75,60.1467129206245
"426",19184503,"Spacious bedroom near city centre with free Wi-Fi",134187371,"Esther","Central Region","Outram",1.27551,103.84276,"Private room",1,16,"2019-08-17",0.64,10,171,252.390192665899
"427",18081902,"Studio Serviced Apartments Along Orchard Road",124516401,"Orchard Point","Central Region","Orchard",1.30205,103.84032,"Entire home/apt",6,9,"2019-07-30",0.35,6,177,277.525510913705
"428",24751008,"P Studio - Close to Changi on the East West Line",31731290,"Wansik","East Region","Bedok",1.32411,103.9153,"Private room",3,32,"2019-08-11",2.11,5,2,90.0732160542908
"429",23014721,"Master Bedroom at the heart of Singapore",99439643,"Eugene","Central Region","Geylang",1.31546,103.89428,"Private room",1,6,"2019-02-06",0.32,1,0,64.5987624874753
"430",28871530,"❀❀2Bed Room @ aljuined mins walk to metro station",8492007,"Alvin","Central Region","Geylang",1.31436,103.88318,"Entire home/apt",7,15,"2019-07-15",1.58,203,321,179.188198858339
"431",26063632,"PREMIER 1BEDROOM SUITES AT MARINA BAY CENTRE",112334807,"Gan","Central Region","Downtown Core",1.28004,103.84941,"Entire home/apt",1,7,"2019-07-07",0.61,3,162,245.900140912936
"432",23760158,"Warm and Cosy room for travellers",178192415,"Daniel","Central Region","Bukit Merah",1.27399,103.83551,"Private room",1,47,"2019-08-27",7.23,1,54,105.065744490247
"433",24030192,"Family or couple room for 2-3 pax(208,308)",18618387,"Joyce","Central Region","Queenstown",1.28099,103.78738,"Private room",5,5,"2018-10-16",0.32,18,364,101.150429684453
"434",29171939,"3 Bedroom Condo @ Boon Keng Mrt",29420853,"Aaron","Central Region","Kallang",1.32254,103.86481,"Entire home/apt",25,4,"2019-08-04",1.97,141,262,238.032274742756
"435",30197961,"Spacious apartment @ Teck Whye Lane. Bedroom 2.",151174817,"Nurlinahwati","West Region","Choa Chu Kang",1.37765,103.75518,"Private room",2,6,"2019-07-26",0.66,2,213,55.1767532307051
"436",25920563,"Capsule B for 1 guest in Dorm, Little India",33539623,"Edmund","Central Region","Rochor",1.30941,103.85203,"Shared room",1,6,"2019-08-03",0.51,9,353,44.6090994920172
"437",32425547,"★ Cozy Private Ensuite room in CBD ★",21328186,"Ken","Central Region","Rochor",1.30002,103.84824,"Private room",1,32,"2019-08-22",6,3,102,86.5908621902832
"438",31820133,"Singapore on your doorstep in bustling Bugis!",22043124,"Peter","Central Region","Downtown Core",1.29769,103.85582,"Private room",1,23,"2019-08-21",3.58,1,28,84.0453805781127
"439",11711038,"Minimalist Studio Apt/WIFI @ Orchard/Somerset Area",10248444,"Rc","Central Region","River Valley",1.295,103.83825,"Entire home/apt",1,40,"2019-08-13",1.23,48,353,185.513865168299
"440",19799435,"Singapore common room for short stay",139838895,"Zheng","West Region","Choa Chu Kang",1.37745,103.74565,"Private room",2,16,"2018-06-27",0.62,1,179,56.4408370027705
"441",14223124,"Copenhagen Room in NYTimes Featured Heritage Home",29032695,"Fang Wei","Central Region","Geylang",1.31338,103.88472,"Entire home/apt",29,62,"2017-12-04",1.68,5,59,136.946716247667
"442",29112596,"``2BR Katong Heritage Serviced Suites (on2BR)",31464513,"Darcy","Central Region","Geylang",1.31426,103.89816,"Entire home/apt",3,2,"2019-02-19",0.2,114,52,155.383266153202
"443",32025722,"Sunny, modern, arty home | 15 MIN TO CITY",208574798,"Adelyn","West Region","Clementi",1.30383,103.76689,"Private room",1,21,"2019-08-09",4.06,1,47,89.2918669934013
"444",20842922,"10 Bed Mixed Dorm(8) (with windows)",63448912,"River City Inn","Central Region","Singapore River",1.2878,103.84756,"Shared room",1,1,"2018-11-19",0.11,43,361,30.4271064408023
"445",28417997,"*NEW* ♦ Orchard Road Homey 2BR sleeps 4  ♦",98751474,"Mandarin Orchard Singapore","Central Region","Orchard",1.30078,103.83713,"Private room",1,2,"2019-06-23",0.23,3,332,188.914035683882
"446",26261789,"One Bedroom Deluxe Apartment - Oakwood Premier",178584113,"Oakwood Premier OUE Singapore","Central Region","Downtown Core",1.27794,103.85011,"Entire home/apt",4,4,"2019-08-11",0.34,15,330,303.34407080525
"447",7538532,"Central Master bedroom in Orchard/River Valley",6039862,"Nellie","Central Region","River Valley",1.29795,103.83012,"Private room",10,13,"2019-08-06",0.26,1,325,99.125636159313
"448",34513834,"☀ COSY & MODERN STUDIO w/ QUEEN BED FOR STAY☀",219550151,"Rain","Central Region","Kallang",1.31517,103.85716,"Entire home/apt",4,1,"2019-05-18",0.29,113,356,212.039323910312
"449",29142155,"❤❤❤3BR Spacious & Clean w/WIFI @ Geylang  G2B",209913841,"Richards","Central Region","Geylang",1.31053,103.87684,"Entire home/apt",2,1,"2019-01-06",0.13,157,347,250.986838081104
"450",6607671,"Central Entired Condo Apartment -min walk to 3 MRT",21149720,"Mike","Central Region","Kallang",1.31015,103.85967,"Entire home/apt",1,1,"2016-08-20",0.03,16,351,229.247900366064
"451",8041344,"Spacious Singaporean Style Master Bedroom",28444489,"Yong Han","Central Region","Geylang",1.31583,103.88886,"Private room",3,1,"2017-08-07",0.04,1,0,60.7512730362459
"452",29999288,"1 Bedroom @ Dhoby Ghout MRT MSS",29420853,"Aaron","Central Region","Rochor",1.30126,103.84628,"Entire home/apt",25,1,"2019-02-07",0.15,141,345,180.723994619204
"453",26504288,"1 Bedroom @ River Valley RvP",29420853,"Aaron","Central Region","Museum",1.29504,103.84309,"Entire home/apt",10,9,"2019-04-29",0.89,141,287,181.410260565244
"454",10040969,"DOUBLE BED CAPSULE IN HOSTEL RM3",46545593,"Meadows","Central Region","Kallang",1.31088,103.86117,"Shared room",1,52,"2019-02-07",1.17,17,365,33.6778042572423
"455",21928089,"Experience living in the West in a Private bedroom",130704287,"Victor","West Region","Choa Chu Kang",1.39238,103.75079,"Private room",30,8,"2018-08-18",0.38,1,0,56.8398754123496
"456",9866904,"Pods...right outside the action!",50158481,"Dream Lodge","Central Region","Kallang",1.31132,103.86153,"Shared room",1,25,"2018-02-28",0.64,8,362,41.479748750413
"457",10459862,"Diva's Bed/Shared Room @citycentre-FEMALE ONLY",47611818,"Jessie","Central Region","Rochor",1.30011,103.85396,"Shared room",2,28,"2019-08-09",0.95,14,345,35.0678150668456
"458",27150191,"Singapore Serviced Apartment",182541452,"PARKROYAL Serviced Suites","Central Region","Kallang",1.30037,103.86125,"Entire home/apt",7,4,"2019-02-24",0.46,2,354,280.106089037267
"459",5116961,"ROOM in magazine-featured apt",4430782,"Ethan","Central Region","Bukit Merah",1.28257,103.83125,"Private room",2,2,"2017-12-22",0.04,1,362,132.659214609716
"460",15533066,"Comfy Bedroom En-Suite/WiFi @ Orchard/Central area",61619807,"Ong","Central Region","Orchard",1.29898,103.83789,"Private room",2,76,"2019-08-08",2.22,27,335,94.1450873514565
"461",18376117,"Cozy BR (1) w/King-size bed! Within mins to town!",127262409,"Cecilia","Central Region","Geylang",1.31216,103.88161,"Private room",1,141,"2019-08-07",5.16,2,148,68.5862898507668
"462",604966,"Boutique 1 bedroom entiere appart",2996022,"Frederic","Central Region","Bukit Timah",1.33171,103.79383,"Entire home/apt",4,11,"2018-01-07",0.13,1,362,209.480303528515
"463",11871765,"Cozy & Stylish City Apartment (Suite IV)",60024674,"Mike","Central Region","Novena",1.31629,103.84463,"Entire home/apt",90,20,"2019-06-03",0.48,5,261,194.809382580539
"464",22544362,"CBD Spacious Apt. 2min walk to Tanjong Pagar MRT",66406177,"Jay","Central Region","Downtown Core",1.27457,103.84322,"Entire home/apt",30,8,"2019-06-28",0.45,274,332,172.523104186963
"465",36101705,"Private Room Shared bath up to 4 at city fringe",269348690,"Jan","North Region","Central Water Catchment",1.35314,103.81925,"Private room",2,4,"2019-08-12",2.73,3,27,75.7197714835089
"466",24161078,"Affordable K2 guesthouse  room @ NUS and NUH.",1439258,"K2 Guesthouse","Central Region","Queenstown",1.27942,103.787,"Private room",5,3,"2019-03-26",0.28,32,361,97.789561514295
"467",24170288,"Loft room off Orchard rd",11390076,"Tryston","Central Region","Newton",1.30573,103.84005,"Private room",4,2,"2019-05-15",0.15,18,362,111.217261583057
"468",32092557,"Entire 2 bedroom apartment with BBQ,near shops,MRT",119613097,"Su Moy","Central Region","Rochor",1.30595,103.84826,"Entire home/apt",1,4,"2019-06-06",1.03,27,356,384.119400110279
"469",26020344,"✪1BR City View @ Balestier TT2",8492007,"Alvin","Central Region","Novena",1.32353,103.85085,"Entire home/apt",10,1,"2019-07-25",0.86,203,365,199.395771420954
"470",21554434,"Sunny Sky Room in Cultural Quarter, 5 mins to MRT",20828188,"Jon, Ams & Friends","Central Region","Rochor",1.30978,103.85537,"Private room",2,39,"2019-08-04",1.94,13,150,99.197985662958
"471",8157630,"Studio Apartment - Aljunied",43056052,"Uncharted Homes","Central Region","Geylang",1.31249,103.88328,"Entire home/apt",30,8,"2016-02-15",0.17,13,0,165.636047350958
"472",8259582,"Charming Studio at River Valley",23722617,"Alex","Central Region","River Valley",1.29478,103.83901,"Entire home/apt",5,22,"2019-07-14",0.46,84,48,123.910990762798
"473",6142390,"Cosy Ground floor unit with Patio",14521708,"Shirley","Central Region","Geylang",1.3156,103.88776,"Entire home/apt",4,26,"2019-08-12",0.49,67,73,100.271705741265
"474",4535456,"BUGIS area 2Br Apt Rochor MRT(1min) shopping, food",9653330,"Cozy","Central Region","Rochor",1.30211,103.85189,"Entire home/apt",2,152,"2019-08-27",2.65,3,217,239.239034268418
"475",982909,"Cozy Room @Central Area",4723385,"Yuan","Central Region","Novena",1.33334,103.8327,"Private room",2,222,"2019-08-23",2.85,2,0,76.0473702312239
"476",29533187,"COSY APARTMENT SLEEPS 4 NEAR TO ORCHARD & SENTOSA",189270725,"Tom","Central Region","Rochor",1.30619,103.85003,"Entire home/apt",2,41,"2019-08-23",4.07,2,0,178.971070997403
"477",10427701,"highrise Ensuite attached bathroom @chinatown *9m1",8948251,"Joey","Central Region","Outram",1.28454,103.84391,"Private room",90,2,"2019-06-08",0.09,83,361,57.419274371927
"478",11555620,"ORCHARD Lucky Plz, Master Room E, *01",59167155,"Kathy","Central Region","Orchard",1.30343,103.83318,"Private room",1,2,"2017-09-17",0.08,8,365,160.031478184785
"479",17765940,"Whole Luxury Condo unit just  opposite of Lake/Mrt",9293170,"Lee","West Region","Jurong West",1.34651,103.72171,"Entire home/apt",5,9,"2018-10-20",0.32,14,365,255.417612619218
"480",18286281,"NUS hive 1",126446203,"Goh","West Region","Clementi",1.29245,103.76717,"Private room",90,1,"2017-07-01",0.04,2,365,105.067630718721
"481",15845410,"Promo pricing :) 1bdr app in a Resort-Style condo",102642786,"Iana","East Region","Bedok",1.32953,103.90664,"Entire home/apt",3,4,"2017-01-08",0.12,1,0,149.534955055787
"482",28836054,"Cosy private room 1 min to train, 12 min to City",30459439,"Szeyee","East Region","Bedok",1.3242,103.91297,"Private room",90,1,"2019-07-17",0.7,1,299,75.1359381137384
"483",1199033,"Lush Apartment on the East Coast",1322402,"Laura","Central Region","Marine Parade",1.29891,103.88681,"Entire home/apt",9,29,"2019-08-03",0.39,1,277,194.949898871222
"484",5177256,"Little Habitat 2- Love Local.",2927830,"Shwu Shenn","Central Region","Bishan",1.35376,103.83178,"Private room",3,70,"2019-02-25",1.27,3,0,64.1686334495563
"485",31522914,"BUGIS - 这间公寓距离地铁交通和餐厅只需1分钟的路程",9794916,"Sara","Central Region","Rochor",1.30113,103.85288,"Entire home/apt",3,4,"2019-06-02",0.66,3,80,228.569037281295
"486",31729758,"Lofty Hideout @ CG! ( Brand new condo )",173904781,"James","Central Region","Downtown Core",1.30024,103.85846,"Entire home/apt",30,1,"2019-05-05",0.26,8,262,188.85553744219
"487",12028422,"BIG RM @ NUS, NUH ,NEAR MRT-SHARED BATHROOM(A,B,C)",1439258,"K2 Guesthouse","Central Region","Queenstown",1.27964,103.7856,"Private room",10,6,"2019-07-31",0.17,32,293,77.9206574195621
"488",32035176,"B5 Condo Room Near City 600m to Aljunied MRT",96467516,"Linda","Central Region","Geylang",1.31427,103.88585,"Private room",2,14,"2019-07-02",2.32,26,211,74.7550520593401
"489",36789378,"1 Bedroom SOHO Type unit with 2 Queen beds (6pax)",101040883,"Ailyn","West Region","Jurong East",1.33477,103.74342,"Entire home/apt",1,1,"2019-07-30",1,6,140,278.336788836609
"490",30486251,"1BR unit in Central, near attractions, food & MRT!",219377996,"Lulier","Central Region","Outram",1.28158,103.84709,"Entire home/apt",1,4,"2019-02-17",0.49,13,0,180.837518159436
"491",31154596,"Spacious, cosy ensuite 宽敞､舒适､宁静的主人房",44885364,"Yong Wah","West Region","Choa Chu Kang",1.39189,103.75281,"Private room",1,17,"2019-08-24",2.31,2,63,50.523520739746
"492",4008423,"City, Petit Alcôve, Super WIFI, Clean & Cosy",12067440,"Tommy","Central Region","Kallang",1.31157,103.8598,"Private room",1,189,"2019-08-16",5.63,20,343,125.65389522538
"493",21314479,"Ann Siang Hill Cosy Studio Single Apartment",23336011,"Heritage Apartments","Central Region","Outram",1.2818,103.84693,"Entire home/apt",7,6,"2019-07-01",1.13,40,356,149.043842153535
"494",3209809,"Super Convenient Downtown Studio",10723468,"Meiling","Central Region","Outram",1.28378,103.8431,"Entire home/apt",90,1,"2017-01-18",0.03,1,282,170.528665288774
"495",28731998,"spacious and luxury 2BR near novena",216709250,"Li","Central Region","Novena",1.32463,103.85207,"Entire home/apt",3,67,"2019-08-17",5.93,2,100,164.34671556986
"496",24763494,"Deluxe King room near National Library",108773366,"RedDoorz","Central Region","Museum",1.29686,103.85135,"Private room",1,2,"2019-03-17",0.26,109,365,118.999657216056
"497",17471882,"City area spacious room",3034356,"Lily","Central Region","Geylang",1.32053,103.88416,"Private room",1,19,"2019-08-14",0.67,2,337,85.0858068403877
"498",4616537,"Comfortable apt home away from home",23722617,"Alex","Central Region","Geylang",1.3145,103.88607,"Entire home/apt",5,76,"2019-08-03",1.32,84,75,100.61792536969
"499",34984889,"W - Calm & Quiet City Apt Five mins to MRT",263589764,"Yee","Central Region","Bukit Merah",1.28399,103.83206,"Entire home/apt",1,2,"2019-08-13",2,3,326,220.335668463881
"500",14734016,"Spacious private apartment near Robertson Quay",2626956,"Alex","Central Region","River Valley",1.29254,103.83773,"Entire home/apt",7,7,"2018-12-31",0.19,1,0,185.958227023272
